2023-03-17 12:44:00,3429382.0,3432600.0,3427941.0,3432205.0
2023-03-17 12:45:00,3432205.0,3436048.0,3431760.0,3436048.0
2023-03-17 12:46:00,3436048.0,3436186.0,3433761.0,3433761.0
2023-03-17 12:47:00,3433738.0,3433738.0,3429603.0,3430562.0
2023-03-17 12:48:00,3430293.0,3432291.0,3430293.0,3432291.0
2023-03-17 12:49:00,3431608.0,3433298.0,3431043.0,3432328.0
2023-03-17 12:50:00,3432328.0,3435000.0,3431667.0,3433871.0
2023-03-17 12:51:00,3433871.0,3435413.0,3433321.0,3435260.0
2023-03-17 12:52:00,3435185.0,3437569.0,3434586.0,3437054.0
2023-03-17 12:53:00,3437054.0,3440555.0,3437054.0,3440098.0
2023-03-17 12:54:00,3440098.0,3443950.0,3440098.0,3443950.0
2023-03-17 12:55:00,3443585.0,3445794.0,3442641.0,3444200.0
2023-03-17 12:56:00,3444200.0,3448405.0,3443955.0,3448368.0
2023-03-17 12:57:00,3447867.0,3448809.0,3446738.0,3447582.0
2023-03-17 12:58:00,3447578.0,3452200.0,3446615.0,3450351.0
2023-03-17 12:59:00,3449585.0,3451861.0,3448644.0,3450749.0
2023-03-17 13:00:00,3450932.0,3454400.0,3448039.0,3448039.0
2023-03-17 13:01:00,3448063.0,3449843.0,3447437.0,3447972.0
2023-03-17 13:02:00,3447972.0,3449768.0,3447670.0,3448031.0
2023-03-17 13:03:00,3448031.0,3450591.0,3447436.0,3450591.0
2023-03-17 13:04:00,3450591.0,3452703.0,3448024.0,3448834.0
2023-03-17 13:05:00,3448834.0,3449295.0,3446447.0,3446698.0
2023-03-17 13:06:00,3447380.0,3449444.0,3446000.0,3448423.0
2023-03-17 13:07:00,3448640.0,3451458.0,3448559.0,3451455.0
2023-03-17 13:08:00,3451455.0,3454000.0,3449908.0,3454000.0
2023-03-17 13:09:00,3454000.0,3454000.0,3451154.0,3451172.0
2023-03-17 13:10:00,3451172.0,3457726.0,3451172.0,3457726.0
2023-03-17 13:11:00,3457378.0,3459635.0,3455675.0,3455675.0
2023-03-17 13:12:00,3455675.0,3456629.0,3451533.0,3452730.0
2023-03-17 13:13:00,3452730.0,3452730.0,3449451.0,3451801.0
2023-03-17 13:14:00,3451801.0,3451801.0,3446795.0,3448348.0
2023-03-17 13:15:00,3448348.0,3449514.0,3446925.0,3447000.0
2023-03-17 13:16:00,3446756.0,3448235.0,3445541.0,3445784.0
2023-03-17 13:17:00,3446167.0,3447349.0,3444591.0,3445294.0
2023-03-17 13:18:00,3445294.0,3446678.0,3444928.0,3446499.0
2023-03-17 13:19:00,3445310.0,3450144.0,3445310.0,3449010.0
2023-03-17 13:20:00,3448989.0,3454029.0,3448989.0,3453110.0
2023-03-17 13:21:00,3453110.0,3455839.0,3452028.0,3455839.0
2023-03-17 13:22:00,3455839.0,3455839.0,3453291.0,3455337.0
2023-03-17 13:23:00,3455117.0,3457229.0,3454946.0,3457228.0
2023-03-17 13:24:00,3457229.0,3458945.0,3456426.0,3458938.0
2023-03-17 13:25:00,3459000.0,3460000.0,3456254.0,3456991.0
2023-03-17 13:26:00,3456991.0,3457716.0,3453155.0,3453155.0
2023-03-17 13:27:00,3453155.0,3459000.0,3450834.0,3457146.0
2023-03-17 13:28:00,3457146.0,3464075.0,3453904.0,3464075.0
2023-03-17 13:29:00,3463581.0,3463782.0,3452093.0,3453621.0
2023-03-17 13:30:00,3453621.0,3454782.0,3449424.0,3451794.0
2023-03-17 13:31:00,3450830.0,3451983.0,3448112.0,3449554.0
2023-03-17 13:32:00,3449554.0,3450160.0,3447940.0,3448263.0
2023-03-17 13:33:00,3448771.0,3450342.0,3446420.0,3450184.0
2023-03-17 13:34:00,3450184.0,3450184.0,3443400.0,3443400.0
2023-03-17 13:35:00,3444773.0,3447546.0,3444484.0,3445200.0
2023-03-17 13:36:00,3445200.0,3447609.0,3443937.0,3443937.0
2023-03-17 13:37:00,3443937.0,3446036.0,3442940.0,3445311.0
2023-03-17 13:38:00,3445311.0,3445311.0,3443287.0,3444436.0
2023-03-17 13:39:00,3445347.0,3445486.0,3440672.0,3442148.0
2023-03-17 13:40:00,3442148.0,3445178.0,3441949.0,3444138.0
2023-03-17 13:41:00,3444138.0,3448978.0,3443828.0,3448125.0
2023-03-17 13:42:00,3448125.0,3448584.0,3446073.0,3447927.0
2023-03-17 13:43:00,3447927.0,3450313.0,3447578.0,3448635.0
2023-03-17 13:44:00,3448564.0,3449151.0,3447624.0,3448379.0
2023-03-17 13:45:00,3448379.0,3448692.0,3446529.0,3446955.0
2023-03-17 13:46:00,3447106.0,3447390.0,3442949.0,3443002.0
2023-03-17 13:47:00,3443239.0,3445986.0,3443001.0,3444964.0
2023-03-17 13:48:00,3444964.0,3445917.0,3444709.0,3444709.0
2023-03-17 13:49:00,3445179.0,3445179.0,3442123.0,3442123.0
2023-03-17 13:50:00,3442417.0,3445142.0,3442099.0,3445009.0
2023-03-17 13:51:00,3445009.0,3445009.0,3442826.0,3443488.0
2023-03-17 13:52:00,3443910.0,3445084.0,3443193.0,3443193.0
2023-03-17 13:53:00,3443193.0,3443193.0,3440918.0,3440918.0
2023-03-17 13:54:00,3440918.0,3441735.0,3440249.0,3441642.0
2023-03-17 13:55:00,3441642.0,3443344.0,3441017.0,3441017.0
2023-03-17 13:56:00,3441017.0,3443893.0,3440560.0,3443893.0
2023-03-17 13:57:00,3443893.0,3444542.0,3442428.0,3442428.0
2023-03-17 13:58:00,3442428.0,3443523.0,3440483.0,3442074.0
2023-03-17 13:59:00,3442074.0,3442517.0,3438116.0,3438174.0
2023-03-17 14:00:00,3438231.0,3441571.0,3438082.0,3440151.0
2023-03-17 14:01:00,3440151.0,3443148.0,3438979.0,3439892.0
2023-03-17 14:02:00,3439193.0,3440009.0,3437270.0,3437680.0
2023-03-17 14:03:00,3437680.0,3437680.0,3432064.0,3432576.0
2023-03-17 14:04:00,3432576.0,3433730.0,3430010.0,3431860.0
2023-03-17 14:05:00,3431860.0,3436540.0,3431363.0,3435973.0
2023-03-17 14:06:00,3435973.0,3439771.0,3435514.0,3435602.0
2023-03-17 14:07:00,3435602.0,3435930.0,3433284.0,3434974.0
2023-03-17 14:08:00,3434593.0,3434594.0,3430665.0,3432055.0
2023-03-17 14:09:00,3432055.0,3435460.0,3432000.0,3432966.0
2023-03-17 14:10:00,3432966.0,3435435.0,3432966.0,3435153.0
2023-03-17 14:11:00,3435153.0,3438574.0,3433061.0,3436351.0
2023-03-17 14:12:00,3436351.0,3440395.0,3436339.0,3440056.0
2023-03-17 14:13:00,3440140.0,3440264.0,3439158.0,3439940.0
2023-03-17 14:14:00,3439940.0,3442803.0,3438772.0,3441201.0
2023-03-17 14:15:00,3441402.0,3443000.0,3441000.0,3441441.0
2023-03-17 14:16:00,3441441.0,3442592.0,3441100.0,3441804.0
2023-03-17 14:17:00,3441804.0,3444616.0,3441804.0,3444397.0
2023-03-17 14:18:00,3444397.0,3444397.0,3442156.0,3442887.0
2023-03-17 14:19:00,3442887.0,3442887.0,3439850.0,3440034.0
2023-03-17 14:20:00,3440034.0,3441195.0,3439033.0,3439233.0
2023-03-17 14:21:00,3439233.0,3439791.0,3438428.0,3438509.0
2023-03-17 14:22:00,3438509.0,3439665.0,3437049.0,3437049.0
2023-03-17 14:23:00,3437187.0,3439418.0,3436588.0,3439418.0
2023-03-17 14:24:00,3439418.0,3441061.0,3437809.0,3437809.0
2023-03-17 14:25:00,3437809.0,3439902.0,3437809.0,3439902.0
2023-03-17 14:26:00,3439902.0,3440774.0,3438578.0,3440476.0
2023-03-17 14:27:00,3440476.0,3440476.0,3438879.0,3439787.0
2023-03-17 14:28:00,3439672.0,3439852.0,3436489.0,3436489.0
2023-03-17 14:29:00,3436996.0,3437242.0,3434826.0,3435372.0
2023-03-17 14:30:00,3435372.0,3438344.0,3435017.0,3437896.0
2023-03-17 14:31:00,3437896.0,3437938.0,3435929.0,3436227.0
2023-03-17 14:32:00,3436227.0,3437040.0,3433835.0,3434153.0
2023-03-17 14:33:00,3434153.0,3434153.0,3429032.0,3430385.0
2023-03-17 14:34:00,3429805.0,3430427.0,3426707.0,3428510.0
2023-03-17 14:35:00,3428510.0,3435150.0,3428180.0,3434480.0
2023-03-17 14:36:00,3434480.0,3436010.0,3434102.0,3436010.0
2023-03-17 14:37:00,3436473.0,3436665.0,3435068.0,3436218.0
2023-03-17 14:38:00,3436218.0,3437314.0,3436152.0,3437028.0
2023-03-17 14:39:00,3437067.0,3438439.0,3435716.0,3437972.0
2023-03-17 14:40:00,3437972.0,3438024.0,3435819.0,3436983.0
2023-03-17 14:41:00,3436983.0,3437500.0,3433489.0,3433489.0
2023-03-17 14:42:00,3433567.0,3435521.0,3432000.0,3435521.0
2023-03-17 14:43:00,3435521.0,3435521.0,3432570.0,3432570.0
2023-03-17 14:44:00,3432570.0,3433762.0,3432122.0,3433228.0
2023-03-17 14:45:00,3433228.0,3434677.0,3432491.0,3433960.0
2023-03-17 14:46:00,3434200.0,3436844.0,3433885.0,3434781.0
2023-03-17 14:47:00,3434935.0,3434935.0,3430613.0,3430748.0
2023-03-17 14:48:00,3430748.0,3433163.0,3429717.0,3432422.0
2023-03-17 14:49:00,3432422.0,3434730.0,3432422.0,3433632.0
2023-03-17 14:50:00,3433097.0,3434349.0,3433042.0,3433782.0
2023-03-17 14:51:00,3433782.0,3436000.0,3433782.0,3435012.0
2023-03-17 14:52:00,3435012.0,3435666.0,3433824.0,3434804.0
2023-03-17 14:53:00,3434804.0,3437944.0,3434804.0,3436741.0
2023-03-17 14:54:00,3436741.0,3437944.0,3436412.0,3437944.0
2023-03-17 14:55:00,3437944.0,3437972.0,3437318.0,3437527.0
2023-03-17 14:56:00,3437527.0,3438615.0,3437208.0,3437208.0
2023-03-17 14:57:00,3437208.0,3439947.0,3437000.0,3439947.0
2023-03-17 14:58:00,3440124.0,3441394.0,3439243.0,3440594.0
2023-03-17 14:59:00,3440594.0,3443954.0,3439935.0,3443856.0
2023-03-17 15:00:00,3443856.0,3445699.0,3443410.0,3445203.0
2023-03-17 15:01:00,3445203.0,3446588.0,3444000.0,3445425.0
2023-03-17 15:02:00,3445425.0,3447569.0,3444480.0,3447059.0
2023-03-17 15:03:00,3447417.0,3448839.0,3445677.0,3446297.0
2023-03-17 15:04:00,3446228.0,3448360.0,3445716.0,3447356.0
2023-03-17 15:05:00,3447356.0,3448488.0,3445000.0,3446896.0
2023-03-17 15:06:00,3446957.0,3446957.0,3442734.0,3442800.0
2023-03-17 15:07:00,3442655.0,3444635.0,3442342.0,3442732.0
2023-03-17 15:08:00,3442732.0,3445895.0,3442732.0,3444535.0
2023-03-17 15:09:00,3444535.0,3446194.0,3444018.0,3444018.0
2023-03-17 15:10:00,3444018.0,3448253.0,3444018.0,3448035.0
2023-03-17 15:11:00,3447832.0,3450149.0,3447565.0,3449863.0
2023-03-17 15:12:00,3450149.0,3454357.0,3448605.0,3452804.0
2023-03-17 15:13:00,3452843.0,3454340.0,3449607.0,3451837.0
2023-03-17 15:14:00,3451837.0,3451837.0,3446149.0,3447100.0
2023-03-17 15:15:00,3447134.0,3450593.0,3447134.0,3449436.0
2023-03-17 15:16:00,3449651.0,3449651.0,3445160.0,3445660.0
2023-03-17 15:17:00,3445660.0,3446985.0,3444109.0,3444658.0
2023-03-17 15:18:00,3444658.0,3449529.0,3444304.0,3445315.0
2023-03-17 15:19:00,3445315.0,3446926.0,3443348.0,3445548.0
2023-03-17 15:20:00,3445548.0,3447996.0,3444196.0,3446203.0
2023-03-17 15:21:00,3446203.0,3447029.0,3445000.0,3445414.0
2023-03-17 15:22:00,3445776.0,3448062.0,3445210.0,3447511.0
2023-03-17 15:23:00,3448059.0,3452280.0,3446474.0,3451845.0
2023-03-17 15:24:00,3452872.0,3467928.0,3451605.0,3459280.0
2023-03-17 15:25:00,3459280.0,3460598.0,3452570.0,3457350.0
2023-03-17 15:26:00,3457350.0,3457500.0,3448629.0,3449650.0
2023-03-17 15:27:00,3448406.0,3453911.0,3448406.0,3452979.0
2023-03-17 15:28:00,3452979.0,3454089.0,3451208.0,3451981.0
2023-03-17 15:29:00,3452166.0,3456565.0,3452166.0,3455000.0
2023-03-17 15:30:00,3455250.0,3465825.0,3455000.0,3463824.0
2023-03-17 15:31:00,3464812.0,3464812.0,3456840.0,3459445.0
2023-03-17 15:32:00,3459445.0,3465132.0,3458859.0,3464032.0
2023-03-17 15:33:00,3464032.0,3464645.0,3460649.0,3464645.0
2023-03-17 15:34:00,3464645.0,3487700.0,3463420.0,3474522.0
2023-03-17 15:35:00,3472515.0,3479469.0,3469144.0,3469700.0
2023-03-17 15:36:00,3470417.0,3472000.0,3465773.0,3468658.0
2023-03-17 15:37:00,3468394.0,3474450.0,3468208.0,3469592.0
2023-03-17 15:38:00,3469592.0,3478793.0,3468500.0,3477947.0
2023-03-17 15:39:00,3477947.0,3480663.0,3472465.0,3474657.0
2023-03-17 15:40:00,3474657.0,3476337.0,3470411.0,3475540.0
2023-03-17 15:41:00,3475291.0,3481139.0,3473535.0,3479476.0
2023-03-17 15:42:00,3479476.0,3489255.0,3479476.0,3486710.0
2023-03-17 15:43:00,3486331.0,3493151.0,3483790.0,3490020.0
2023-03-17 15:44:00,3490308.0,3493340.0,3485572.0,3492258.0
2023-03-17 15:45:00,3492258.0,3492603.0,3485242.0,3487023.0
2023-03-17 15:46:00,3487658.0,3489607.0,3483654.0,3488501.0
2023-03-17 15:47:00,3488501.0,3491845.0,3486456.0,3486456.0
2023-03-17 15:48:00,3486761.0,3486761.0,3477381.0,3477735.0
2023-03-17 15:49:00,3477615.0,3485011.0,3473683.0,3481609.0
2023-03-17 15:50:00,3482657.0,3487341.0,3482199.0,3482889.0
2023-03-17 15:51:00,3482889.0,3489140.0,3482521.0,3487729.0
2023-03-17 15:52:00,3488997.0,3488999.0,3484160.0,3484163.0
2023-03-17 15:53:00,3484163.0,3485935.0,3481363.0,3483927.0
2023-03-17 15:54:00,3483927.0,3488136.0,3481294.0,3488134.0
2023-03-17 15:55:00,3488134.0,3499098.0,3487198.0,3498438.0
2023-03-17 15:56:00,3498429.0,3498820.0,3491522.0,3494180.0
2023-03-17 15:57:00,3493788.0,3494617.0,3482314.0,3486458.0
2023-03-17 15:58:00,3486458.0,3493015.0,3486000.0,3491882.0
2023-03-17 15:59:00,3491810.0,3492180.0,3486678.0,3489995.0
2023-03-17 16:00:00,3489995.0,3493680.0,3485380.0,3486446.0
2023-03-17 16:01:00,3486180.0,3487593.0,3482044.0,3483813.0
2023-03-17 16:02:00,3483813.0,3484217.0,3477599.0,3479032.0
2023-03-17 16:03:00,3477773.0,3483778.0,3477773.0,3482518.0
2023-03-17 16:04:00,3482414.0,3482691.0,3469487.0,3470363.0
2023-03-17 16:05:00,3470697.0,3478717.0,3470697.0,3478717.0
2023-03-17 16:06:00,3478300.0,3479081.0,3473333.0,3473619.0
2023-03-17 16:07:00,3473619.0,3476961.0,3471997.0,3474322.0
2023-03-17 16:08:00,3475028.0,3476420.0,3471831.0,3473237.0
2023-03-17 16:09:00,3473445.0,3475408.0,3466100.0,3466348.0
2023-03-17 16:10:00,3465896.0,3477777.0,3465000.0,3477777.0
2023-03-17 16:11:00,3477592.0,3477777.0,3471477.0,3471477.0
2023-03-17 16:12:00,3470950.0,3476142.0,3470950.0,3474684.0
2023-03-17 16:13:00,3474861.0,3476543.0,3471861.0,3473122.0
2023-03-17 16:14:00,3472949.0,3476396.0,3471481.0,3475221.0
2023-03-17 16:15:00,3474521.0,3477609.0,3473901.0,3474802.0
2023-03-17 16:16:00,3474635.0,3474702.0,3468730.0,3469405.0
2023-03-17 16:17:00,3469405.0,3471065.0,3465136.0,3467270.0
2023-03-17 16:18:00,3467270.0,3467823.0,3463596.0,3465127.0
2023-03-17 16:19:00,3465127.0,3465840.0,3460369.0,3464694.0
2023-03-17 16:20:00,3464629.0,3469580.0,3463000.0,3469580.0
2023-03-17 16:21:00,3469050.0,3469122.0,3462940.0,3462940.0
2023-03-17 16:22:00,3462940.0,3467882.0,3462940.0,3465452.0
2023-03-17 16:23:00,3465452.0,3468487.0,3463501.0,3463949.0
2023-03-17 16:24:00,3463949.0,3464127.0,3460734.0,3461112.0
2023-03-17 16:25:00,3461112.0,3463470.0,3459129.0,3461968.0
2023-03-17 16:26:00,3461968.0,3467915.0,3461900.0,3465748.0
2023-03-17 16:27:00,3465748.0,3469483.0,3465275.0,3468870.0
2023-03-17 16:28:00,3468870.0,3469403.0,3467433.0,3467907.0
2023-03-17 16:29:00,3467822.0,3471844.0,3467425.0,3468083.0
2023-03-17 16:30:00,3468426.0,3471237.0,3467688.0,3470315.0
2023-03-17 16:31:00,3469960.0,3474712.0,3468860.0,3470187.0
2023-03-17 16:32:00,3470159.0,3471088.0,3468353.0,3469286.0
2023-03-17 16:33:00,3469286.0,3481195.0,3468398.0,3480433.0
2023-03-17 16:34:00,3480647.0,3482690.0,3474544.0,3475355.0
2023-03-17 16:35:00,3474908.0,3476576.0,3474320.0,3475218.0
2023-03-17 16:36:00,3475218.0,3475573.0,3472090.0,3472090.0
2023-03-17 16:37:00,3472090.0,3479400.0,3472090.0,3477646.0
2023-03-17 16:38:00,3477646.0,3480893.0,3477053.0,3479356.0
2023-03-17 16:39:00,3479315.0,3480743.0,3477941.0,3480606.0
2023-03-17 16:40:00,3480606.0,3481452.0,3475509.0,3477422.0
2023-03-17 16:41:00,3477422.0,3482942.0,3476345.0,3482632.0
2023-03-17 16:42:00,3482513.0,3486121.0,3479825.0,3480334.0
2023-03-17 16:43:00,3479825.0,3480568.0,3478056.0,3480568.0
2023-03-17 16:44:00,3479870.0,3482573.0,3478000.0,3482573.0
2023-03-17 16:45:00,3482573.0,3483230.0,3475738.0,3475739.0
2023-03-17 16:46:00,3476422.0,3476422.0,3470000.0,3470418.0
2023-03-17 16:47:00,3470418.0,3474408.0,3470418.0,3474103.0
2023-03-17 16:48:00,3474103.0,3476405.0,3473869.0,3474380.0
2023-03-17 16:49:00,3474280.0,3475951.0,3472922.0,3473444.0
2023-03-17 16:50:00,3472699.0,3476916.0,3472699.0,3476408.0
2023-03-17 16:51:00,3476408.0,3478641.0,3475239.0,3475718.0
2023-03-17 16:52:00,3475718.0,3481113.0,3475593.0,3480166.0
2023-03-17 16:53:00,3480166.0,3481256.0,3478577.0,3479373.0
2023-03-17 16:54:00,3479373.0,3479413.0,3474759.0,3476278.0
2023-03-17 16:55:00,3476234.0,3476513.0,3473662.0,3476210.0
2023-03-17 16:56:00,3476324.0,3477006.0,3474897.0,3476936.0
2023-03-17 16:57:00,3477061.0,3482157.0,3476461.0,3481487.0
2023-03-17 16:58:00,3481811.0,3485582.0,3481811.0,3485582.0
2023-03-17 16:59:00,3485582.0,3486597.0,3484486.0,3484761.0
2023-03-17 17:00:00,3484937.0,3487531.0,3483364.0,3486914.0
2023-03-17 17:01:00,3486914.0,3486914.0,3479507.0,3481297.0
2023-03-17 17:02:00,3481784.0,3485411.0,3481559.0,3483821.0
2023-03-17 17:03:00,3483467.0,3488210.0,3483164.0,3485963.0
2023-03-17 17:04:00,3485963.0,3489777.0,3485591.0,3487848.0
2023-03-17 17:05:00,3487848.0,3492331.0,3487828.0,3491274.0
2023-03-17 17:06:00,3491274.0,3497814.0,3491255.0,3496483.0
2023-03-17 17:07:00,3497337.0,3497877.0,3492769.0,3494401.0
2023-03-17 17:08:00,3494401.0,3496431.0,3492493.0,3496191.0
2023-03-17 17:09:00,3496191.0,3498014.0,3494011.0,3494011.0
2023-03-17 17:10:00,3494011.0,3495620.0,3490634.0,3494145.0
2023-03-17 17:11:00,3493995.0,3498849.0,3493584.0,3495361.0
2023-03-17 17:12:00,3495014.0,3499115.0,3494501.0,3498372.0
2023-03-17 17:13:00,3498918.0,3504868.0,3498600.0,3502406.0
2023-03-17 17:14:00,3502406.0,3507751.0,3495419.0,3498171.0
2023-03-17 17:15:00,3498036.0,3498036.0,3493015.0,3493015.0
2023-03-17 17:16:00,3492609.0,3495046.0,3488810.0,3490944.0
2023-03-17 17:17:00,3490944.0,3491587.0,3484096.0,3487266.0
2023-03-17 17:18:00,3487266.0,3491440.0,3485683.0,3487143.0
2023-03-17 17:19:00,3486934.0,3491445.0,3485892.0,3487839.0
2023-03-17 17:20:00,3488192.0,3492862.0,3486933.0,3492636.0
2023-03-17 17:21:00,3492172.0,3496527.0,3492172.0,3494763.0
2023-03-17 17:22:00,3495123.0,3497962.0,3494669.0,3495817.0
2023-03-17 17:23:00,3495817.0,3497725.0,3494165.0,3495677.0
2023-03-17 17:24:00,3495722.0,3496003.0,3490135.0,3491236.0
2023-03-17 17:25:00,3491236.0,3491715.0,3488065.0,3488382.0
2023-03-17 17:26:00,3489241.0,3497564.0,3487469.0,3491236.0
2023-03-17 17:27:00,3491173.0,3491173.0,3482901.0,3483907.0
2023-03-17 17:28:00,3483907.0,3486429.0,3481912.0,3485559.0
2023-03-17 17:29:00,3485601.0,3485601.0,3481500.0,3482155.0
2023-03-17 17:30:00,3482155.0,3484438.0,3481450.0,3483007.0
2023-03-17 17:31:00,3483007.0,3483088.0,3479739.0,3480176.0
2023-03-17 17:32:00,3480176.0,3481288.0,3474981.0,3477067.0
2023-03-17 17:33:00,3477067.0,3477366.0,3468813.0,3469111.0
2023-03-17 17:34:00,3469066.0,3474238.0,3467110.0,3473398.0
2023-03-17 17:35:00,3473398.0,3475943.0,3472543.0,3474678.0
2023-03-17 17:36:00,3474678.0,3478230.0,3473861.0,3477144.0
2023-03-17 17:37:00,3476728.0,3479207.0,3476728.0,3478238.0
2023-03-17 17:38:00,3478238.0,3486408.0,3478238.0,3483707.0
2023-03-17 17:39:00,3484098.0,3484668.0,3483107.0,3483342.0
2023-03-17 17:40:00,3483342.0,3484996.0,3482651.0,3483395.0
2023-03-17 17:41:00,3483395.0,3484373.0,3482038.0,3482455.0
2023-03-17 17:42:00,3482455.0,3485180.0,3482114.0,3484386.0
2023-03-17 17:43:00,3484386.0,3484902.0,3482843.0,3483683.0
2023-03-17 17:44:00,3483683.0,3485129.0,3483186.0,3484836.0
2023-03-17 17:45:00,3484836.0,3486256.0,3483488.0,3484046.0
2023-03-17 17:46:00,3484340.0,3484560.0,3481095.0,3481865.0
2023-03-17 17:47:00,3481865.0,3481865.0,3479173.0,3480691.0
2023-03-17 17:48:00,3480723.0,3481498.0,3479870.0,3481012.0
2023-03-17 17:49:00,3481012.0,3481181.0,3479457.0,3479678.0
2023-03-17 17:50:00,3480443.0,3482233.0,3478901.0,3481729.0
2023-03-17 17:51:00,3481729.0,3483401.0,3481229.0,3481285.0
2023-03-17 17:52:00,3481254.0,3481308.0,3478901.0,3478901.0
2023-03-17 17:53:00,3478901.0,3480815.0,3478651.0,3480815.0
2023-03-17 17:54:00,3480856.0,3482702.0,3480460.0,3482293.0
2023-03-17 17:55:00,3482597.0,3484457.0,3481902.0,3483102.0
2023-03-17 17:56:00,3483102.0,3483102.0,3480887.0,3482714.0
2023-03-17 17:57:00,3482714.0,3482891.0,3481492.0,3482561.0
2023-03-17 17:58:00,3482561.0,3482715.0,3481500.0,3482031.0
2023-03-17 17:59:00,3482031.0,3483820.0,3482031.0,3483688.0
2023-03-17 18:00:00,3483688.0,3487196.0,3483688.0,3486678.0
2023-03-17 18:01:00,3487129.0,3489783.0,3486812.0,3489387.0
2023-03-17 18:02:00,3489387.0,3489783.0,3487072.0,3489211.0
2023-03-17 18:03:00,3489211.0,3491168.0,3489091.0,3490041.0
2023-03-17 18:04:00,3490041.0,3494293.0,3489427.0,3493972.0
2023-03-17 18:05:00,3493972.0,3495314.0,3492087.0,3493921.0
2023-03-17 18:06:00,3493921.0,3494714.0,3490049.0,3490049.0
2023-03-17 18:07:00,3490049.0,3492291.0,3490049.0,3491471.0
2023-03-17 18:08:00,3491471.0,3492241.0,3490152.0,3490503.0
2023-03-17 18:09:00,3490051.0,3490179.0,3485768.0,3485768.0
2023-03-17 18:10:00,3485768.0,3487317.0,3484924.0,3487147.0
2023-03-17 18:11:00,3487147.0,3487630.0,3486030.0,3486168.0
2023-03-17 18:12:00,3486168.0,3488019.0,3486168.0,3487526.0
2023-03-17 18:13:00,3487526.0,3488911.0,3486262.0,3488341.0
2023-03-17 18:14:00,3488823.0,3488996.0,3488114.0,3488895.0
2023-03-17 18:15:00,3488895.0,3489585.0,3486867.0,3487628.0
2023-03-17 18:16:00,3487787.0,3488988.0,3487025.0,3487542.0
2023-03-17 18:17:00,3487542.0,3488932.0,3486896.0,3488420.0
2023-03-17 18:18:00,3488420.0,3489893.0,3487753.0,3489108.0
2023-03-17 18:19:00,3489108.0,3489193.0,3488025.0,3488757.0
2023-03-17 18:20:00,3488657.0,3488810.0,3484087.0,3484136.0
2023-03-17 18:21:00,3483813.0,3484181.0,3482889.0,3483108.0
2023-03-17 18:22:00,3483108.0,3486177.0,3483046.0,3484685.0
2023-03-17 18:23:00,3484685.0,3485518.0,3484379.0,3485190.0
2023-03-17 18:24:00,3485190.0,3485846.0,3484705.0,3485844.0
2023-03-17 18:25:00,3485291.0,3486842.0,3485108.0,3485573.0
2023-03-17 18:26:00,3485573.0,3485940.0,3483164.0,3483586.0
2023-03-17 18:27:00,3483586.0,3484587.0,3481724.0,3482619.0
2023-03-17 18:28:00,3482619.0,3485043.0,3481180.0,3484887.0
2023-03-17 18:29:00,3484887.0,3491311.0,3484887.0,3491311.0
2023-03-17 18:30:00,3491393.0,3497100.0,3489708.0,3496287.0
2023-03-17 18:31:00,3497097.0,3498384.0,3492756.0,3498384.0
2023-03-17 18:32:00,3497315.0,3499920.0,3493619.0,3495892.0
2023-03-17 18:33:00,3496478.0,3496478.0,3490958.0,3491552.0
2023-03-17 18:34:00,3491552.0,3494735.0,3488056.0,3490862.0
2023-03-17 18:35:00,3491450.0,3491739.0,3487934.0,3489440.0
2023-03-17 18:36:00,3489440.0,3491587.0,3487867.0,3489347.0
2023-03-17 18:37:00,3489347.0,3496707.0,3488913.0,3495544.0
2023-03-17 18:38:00,3496166.0,3498756.0,3493574.0,3495190.0
2023-03-17 18:39:00,3495190.0,3496705.0,3493534.0,3496705.0
2023-03-17 18:40:00,3496705.0,3496705.0,3491957.0,3492275.0
2023-03-17 18:41:00,3492275.0,3493066.0,3491906.0,3492745.0
2023-03-17 18:42:00,3492745.0,3497495.0,3491750.0,3495399.0
2023-03-17 18:43:00,3495399.0,3496487.0,3494362.0,3495225.0
2023-03-17 18:44:00,3495225.0,3495652.0,3493700.0,3494135.0
2023-03-17 18:45:00,3494210.0,3495345.0,3492146.0,3494118.0
2023-03-17 18:46:00,3494054.0,3496000.0,3493747.0,3495400.0
2023-03-17 18:47:00,3495311.0,3495400.0,3492959.0,3493814.0
2023-03-17 18:48:00,3493814.0,3493814.0,3492530.0,3493048.0
2023-03-17 18:49:00,3493048.0,3495516.0,3492530.0,3495516.0
2023-03-17 18:50:00,3495104.0,3496325.0,3494385.0,3495797.0
2023-03-17 18:51:00,3495797.0,3497477.0,3495078.0,3496252.0
2023-03-17 18:52:00,3496252.0,3498908.0,3496252.0,3498908.0
2023-03-17 18:53:00,3498908.0,3515952.0,3498233.0,3515952.0
2023-03-17 18:54:00,3514850.0,3515306.0,3505499.0,3512576.0
2023-03-17 18:55:00,3512241.0,3512538.0,3507211.0,3509941.0
2023-03-17 18:56:00,3510134.0,3517593.0,3507970.0,3517320.0
2023-03-17 18:57:00,3516675.0,3526522.0,3516675.0,3521695.0
2023-03-17 18:58:00,3521993.0,3522298.0,3516200.0,3519723.0
2023-03-17 18:59:00,3519723.0,3521051.0,3513943.0,3513943.0
2023-03-17 19:00:00,3513944.0,3520290.0,3513041.0,3518245.0
2023-03-17 19:01:00,3518199.0,3524960.0,3516522.0,3522579.0
2023-03-17 19:02:00,3522579.0,3527610.0,3520190.0,3525899.0
2023-03-17 19:03:00,3525507.0,3533482.0,3524736.0,3529883.0
2023-03-17 19:04:00,3529637.0,3537490.0,3527805.0,3535319.0
2023-03-17 19:05:00,3536000.0,3541706.0,3528300.0,3530261.0
2023-03-17 19:06:00,3529373.0,3536073.0,3527937.0,3534032.0
2023-03-17 19:07:00,3534032.0,3543900.0,3533844.0,3538898.0
2023-03-17 19:08:00,3538441.0,3545000.0,3536088.0,3544541.0
2023-03-17 19:09:00,3543670.0,3551079.0,3543670.0,3547021.0
2023-03-17 19:10:00,3548797.0,3549917.0,3536066.0,3537309.0
2023-03-17 19:11:00,3537727.0,3538761.0,3531001.0,3535935.0
2023-03-17 19:12:00,3535393.0,3539953.0,3530954.0,3530954.0
2023-03-17 19:13:00,3531786.0,3536250.0,3531205.0,3533106.0
2023-03-17 19:14:00,3533106.0,3533106.0,3526882.0,3529450.0
2023-03-17 19:15:00,3529427.0,3532699.0,3527058.0,3528629.0
2023-03-17 19:16:00,3528224.0,3537596.0,3528040.0,3535953.0
2023-03-17 19:17:00,3535953.0,3541446.0,3534327.0,3535364.0
2023-03-17 19:18:00,3535364.0,3538831.0,3531011.0,3531619.0
2023-03-17 19:19:00,3531619.0,3532208.0,3527356.0,3529424.0
2023-03-17 19:20:00,3529424.0,3537271.0,3529424.0,3536010.0
2023-03-17 19:21:00,3536010.0,3541562.0,3533138.0,3538866.0
2023-03-17 19:22:00,3539136.0,3545950.0,3538956.0,3544038.0
2023-03-17 19:23:00,3544038.0,3560658.0,3543388.0,3552963.0
2023-03-17 19:24:00,3553207.0,3553207.0,3545728.0,3549399.0
2023-03-17 19:25:00,3549507.0,3549507.0,3538147.0,3542558.0
2023-03-17 19:26:00,3542558.0,3553768.0,3540168.0,3551606.0
2023-03-17 19:27:00,3552663.0,3560948.0,3548948.0,3558182.0
2023-03-17 19:28:00,3557774.0,3559766.0,3549147.0,3551267.0
2023-03-17 19:29:00,3551267.0,3557134.0,3547752.0,3547752.0
2023-03-17 19:30:00,3547089.0,3555456.0,3546925.0,3550261.0
2023-03-17 19:31:00,3550209.0,3550209.0,3540298.0,3542212.0
2023-03-17 19:32:00,3542212.0,3546449.0,3541621.0,3542671.0
2023-03-17 19:33:00,3542671.0,3548262.0,3541591.0,3544480.0
2023-03-17 19:34:00,3544791.0,3545312.0,3539509.0,3542098.0
2023-03-17 19:35:00,3542098.0,3545848.0,3536417.0,3545525.0
2023-03-17 19:36:00,3546710.0,3553223.0,3545845.0,3549617.0
2023-03-17 19:37:00,3549617.0,3555841.0,3549617.0,3554783.0
2023-03-17 19:38:00,3554704.0,3565923.0,3551573.0,3559544.0
2023-03-17 19:39:00,3560024.0,3571000.0,3557001.0,3564676.0
2023-03-17 19:40:00,3566503.0,3578965.0,3565862.0,3570691.0
2023-03-17 19:41:00,3570691.0,3579500.0,3565150.0,3573682.0
2023-03-17 19:42:00,3573890.0,3576629.0,3566852.0,3573747.0
2023-03-17 19:43:00,3574748.0,3574748.0,3565357.0,3570270.0
2023-03-17 19:44:00,3571150.0,3573825.0,3567011.0,3572212.0
2023-03-17 19:45:00,3571899.0,3576793.0,3566959.0,3567066.0
2023-03-17 19:46:00,3566650.0,3569896.0,3563434.0,3568124.0
2023-03-17 19:47:00,3568124.0,3578107.0,3567251.0,3576226.0
2023-03-17 19:48:00,3576663.0,3584926.0,3570533.0,3570539.0
2023-03-17 19:49:00,3570633.0,3577099.0,3570533.0,3571638.0
2023-03-17 19:50:00,3571791.0,3580024.0,3571791.0,3575709.0
2023-03-17 19:51:00,3576775.0,3578000.0,3572067.0,3577160.0
2023-03-17 19:52:00,3577160.0,3582737.0,3576565.0,3577410.0
2023-03-17 19:53:00,3576944.0,3583089.0,3576944.0,3581422.0
2023-03-17 19:54:00,3581422.0,3582219.0,3574486.0,3576149.0
2023-03-17 19:55:00,3575534.0,3577730.0,3571253.0,3573282.0
2023-03-17 19:56:00,3573282.0,3578645.0,3568765.0,3578207.0
2023-03-17 19:57:00,3578207.0,3581000.0,3575409.0,3579411.0
2023-03-17 19:58:00,3578271.0,3578362.0,3572272.0,3572272.0
2023-03-17 19:59:00,3572272.0,3574624.0,3570884.0,3572980.0
2023-03-17 20:00:00,3572980.0,3575746.0,3562031.0,3562031.0
2023-03-17 20:01:00,3563844.0,3568823.0,3559929.0,3566048.0
2023-03-17 20:02:00,3566048.0,3566648.0,3560000.0,3560784.0
2023-03-17 20:03:00,3561203.0,3564540.0,3556556.0,3558813.0
2023-03-17 20:04:00,3559296.0,3561286.0,3552886.0,3557808.0
2023-03-17 20:05:00,3557863.0,3567753.0,3557800.0,3567105.0
2023-03-17 20:06:00,3567105.0,3572484.0,3567105.0,3571587.0
2023-03-17 20:07:00,3571407.0,3576816.0,3569893.0,3575718.0
2023-03-17 20:08:00,3576205.0,3577111.0,3571593.0,3577111.0
2023-03-17 20:09:00,3576535.0,3580000.0,3571229.0,3572454.0
2023-03-17 20:10:00,3572454.0,3572574.0,3564487.0,3570115.0
2023-03-17 20:11:00,3570115.0,3572624.0,3566975.0,3567421.0
2023-03-17 20:12:00,3567107.0,3568640.0,3561856.0,3562257.0
2023-03-17 20:13:00,3562675.0,3565275.0,3561240.0,3561871.0
2023-03-17 20:14:00,3561872.0,3564009.0,3557958.0,3559088.0
2023-03-17 20:15:00,3559089.0,3560698.0,3551560.0,3554453.0
2023-03-17 20:16:00,3553177.0,3555498.0,3552128.0,3553700.0
2023-03-17 20:17:00,3555000.0,3555000.0,3549685.0,3550865.0
2023-03-17 20:18:00,3550865.0,3551592.0,3544001.0,3546596.0
2023-03-17 20:19:00,3546777.0,3550000.0,3543778.0,3545892.0
2023-03-17 20:20:00,3545889.0,3553987.0,3544313.0,3553987.0
2023-03-17 20:21:00,3553987.0,3554266.0,3548568.0,3550158.0
2023-03-17 20:22:00,3550208.0,3550829.0,3545968.0,3547572.0
2023-03-17 20:23:00,3547572.0,3548896.0,3546609.0,3548499.0
2023-03-17 20:24:00,3548499.0,3548536.0,3545725.0,3548225.0
2023-03-17 20:25:00,3548225.0,3553911.0,3547846.0,3552756.0
2023-03-17 20:26:00,3552347.0,3555321.0,3550628.0,3552362.0
2023-03-17 20:27:00,3553252.0,3556907.0,3551251.0,3554971.0
2023-03-17 20:28:00,3554971.0,3557499.0,3553705.0,3557499.0
2023-03-17 20:29:00,3557525.0,3557953.0,3552981.0,3553482.0
2023-03-17 20:30:00,3554109.0,3554996.0,3548397.0,3549016.0
2023-03-17 20:31:00,3549016.0,3550984.0,3544404.0,3549453.0
2023-03-17 20:32:00,3548172.0,3552486.0,3546247.0,3552486.0
2023-03-17 20:33:00,3552485.0,3555918.0,3552026.0,3555555.0
2023-03-17 20:34:00,3555555.0,3556931.0,3553084.0,3553651.0
2023-03-17 20:35:00,3554000.0,3554861.0,3551775.0,3552020.0
2023-03-17 20:36:00,3552852.0,3553163.0,3547967.0,3549589.0
2023-03-17 20:37:00,3549589.0,3551621.0,3548422.0,3549608.0
2023-03-17 20:38:00,3549796.0,3550852.0,3548361.0,3550304.0
2023-03-17 20:39:00,3549912.0,3556053.0,3549653.0,3556053.0
2023-03-17 20:40:00,3555447.0,3559541.0,3554290.0,3557056.0
2023-03-17 20:41:00,3557535.0,3568077.0,3556840.0,3566669.0
2023-03-17 20:42:00,3566457.0,3574544.0,3563562.0,3571192.0
2023-03-17 20:43:00,3572011.0,3578711.0,3571131.0,3576401.0
2023-03-17 20:44:00,3575684.0,3587332.0,3575675.0,3580000.0
2023-03-17 20:45:00,3580454.0,3584198.0,3580454.0,3581982.0
2023-03-17 20:46:00,3581992.0,3584000.0,3575598.0,3576211.0
2023-03-17 20:47:00,3576211.0,3577748.0,3572315.0,3572675.0
2023-03-17 20:48:00,3572675.0,3579387.0,3572675.0,3578016.0
2023-03-17 20:49:00,3578016.0,3580000.0,3572747.0,3574741.0
2023-03-17 20:50:00,3574316.0,3575209.0,3570695.0,3571168.0
2023-03-17 20:51:00,3572051.0,3573409.0,3569709.0,3570956.0
2023-03-17 20:52:00,3570845.0,3580081.0,3570845.0,3578987.0
2023-03-17 20:53:00,3578767.0,3581696.0,3575579.0,3581191.0
2023-03-17 20:54:00,3580895.0,3588228.0,3577848.0,3582504.0
2023-03-17 20:55:00,3581138.0,3583308.0,3574445.0,3580448.0
2023-03-17 20:56:00,3581975.0,3589200.0,3580650.0,3587033.0
2023-03-17 20:57:00,3587670.0,3589361.0,3583911.0,3585464.0
2023-03-17 20:58:00,3585464.0,3594915.0,3583731.0,3587690.0
2023-03-17 20:59:00,3587691.0,3589316.0,3584089.0,3587446.0
2023-03-17 21:00:00,3587446.0,3588708.0,3582618.0,3582618.0
2023-03-17 21:01:00,3581793.0,3585745.0,3575844.0,3582373.0
2023-03-17 21:02:00,3582420.0,3588506.0,3582234.0,3585947.0
2023-03-17 21:03:00,3585947.0,3590447.0,3581406.0,3582616.0
2023-03-17 21:04:00,3582837.0,3582918.0,3574812.0,3576123.0
2023-03-17 21:05:00,3577171.0,3578106.0,3573550.0,3575610.0
2023-03-17 21:06:00,3575847.0,3577864.0,3567000.0,3568555.0
2023-03-17 21:07:00,3568555.0,3570774.0,3564341.0,3566453.0
2023-03-17 21:08:00,3566353.0,3569063.0,3561633.0,3561633.0
2023-03-17 21:09:00,3561889.0,3564443.0,3556999.0,3562278.0
2023-03-17 21:10:00,3561686.0,3565924.0,3558682.0,3561490.0
2023-03-17 21:11:00,3561489.0,3564851.0,3560453.0,3563439.0
2023-03-17 21:12:00,3563439.0,3567334.0,3562949.0,3562951.0
2023-03-17 21:13:00,3562882.0,3563703.0,3558839.0,3560909.0
2023-03-17 21:14:00,3560424.0,3563506.0,3556764.0,3558043.0
2023-03-17 21:15:00,3558332.0,3561744.0,3557960.0,3557960.0
2023-03-17 21:16:00,3559383.0,3559927.0,3552278.0,3552278.0
2023-03-17 21:17:00,3552279.0,3556244.0,3552279.0,3552600.0
2023-03-17 21:18:00,3552600.0,3553310.0,3546055.0,3549641.0
2023-03-17 21:19:00,3550241.0,3556399.0,3548684.0,3556399.0
2023-03-17 21:20:00,3556652.0,3561212.0,3555738.0,3557803.0
2023-03-17 21:21:00,3557746.0,3559989.0,3557485.0,3558065.0
2023-03-17 21:22:00,3558065.0,3559279.0,3545789.0,3548419.0
2023-03-17 21:23:00,3547626.0,3549055.0,3545688.0,3546716.0
2023-03-17 21:24:00,3546716.0,3548914.0,3546109.0,3546161.0
2023-03-17 21:25:00,3546155.0,3551720.0,3545074.0,3550019.0
2023-03-17 21:26:00,3550019.0,3550019.0,3542821.0,3543542.0
2023-03-17 21:27:00,3543665.0,3544713.0,3535080.0,3541654.0
2023-03-17 21:28:00,3541654.0,3543976.0,3540674.0,3543064.0
2023-03-17 21:29:00,3544707.0,3544707.0,3535168.0,3537630.0
2023-03-17 21:30:00,3537929.0,3544041.0,3537929.0,3542353.0
2023-03-17 21:31:00,3542353.0,3547413.0,3542203.0,3547413.0
2023-03-17 21:32:00,3547413.0,3549374.0,3545607.0,3547000.0
2023-03-17 21:33:00,3546605.0,3546605.0,3539690.0,3540059.0
2023-03-17 21:34:00,3539023.0,3539023.0,3532424.0,3532485.0
2023-03-17 21:35:00,3532061.0,3532916.0,3521173.0,3522638.0
2023-03-17 21:36:00,3521685.0,3527220.0,3520677.0,3524473.0
2023-03-17 21:37:00,3523694.0,3524225.0,3507840.0,3510524.0
2023-03-17 21:38:00,3508534.0,3510904.0,3503172.0,3510000.0
2023-03-17 21:39:00,3509923.0,3517407.0,3509511.0,3513898.0
2023-03-17 21:40:00,3512930.0,3525971.0,3512930.0,3525971.0
2023-03-17 21:41:00,3526925.0,3532548.0,3525568.0,3532548.0
2023-03-17 21:42:00,3532402.0,3533029.0,3528816.0,3529290.0
2023-03-17 21:43:00,3529887.0,3532250.0,3523052.0,3524425.0
2023-03-17 21:44:00,3524730.0,3525708.0,3520661.0,3523811.0
2023-03-17 21:45:00,3524472.0,3530807.0,3524472.0,3528492.0
2023-03-17 21:46:00,3528492.0,3536197.0,3528349.0,3535247.0
2023-03-17 21:47:00,3535079.0,3540229.0,3533983.0,3539304.0
2023-03-17 21:48:00,3539304.0,3543071.0,3536371.0,3537694.0
2023-03-17 21:49:00,3537743.0,3538790.0,3533289.0,3533608.0
2023-03-17 21:50:00,3533868.0,3540096.0,3530248.0,3540096.0
2023-03-17 21:51:00,3540144.0,3541142.0,3535932.0,3537184.0
2023-03-17 21:52:00,3537811.0,3542115.0,3537811.0,3541608.0
2023-03-17 21:53:00,3541608.0,3549273.0,3541422.0,3548855.0
2023-03-17 21:54:00,3547842.0,3551799.0,3544889.0,3544889.0
2023-03-17 21:55:00,3544186.0,3550388.0,3544027.0,3545889.0
2023-03-17 21:56:00,3545889.0,3547304.0,3539913.0,3542476.0
2023-03-17 21:57:00,3542893.0,3546671.0,3541510.0,3541811.0
2023-03-17 21:58:00,3541811.0,3543397.0,3539279.0,3540301.0
2023-03-17 21:59:00,3540483.0,3541515.0,3538289.0,3540112.0
2023-03-17 22:00:00,3540112.0,3544315.0,3540112.0,3544315.0
2023-03-17 22:01:00,3544615.0,3546149.0,3541029.0,3544132.0
2023-03-17 22:02:00,3544132.0,3545943.0,3542457.0,3544851.0
2023-03-17 22:03:00,3544851.0,3555530.0,3544767.0,3554871.0
2023-03-17 22:04:00,3556103.0,3556103.0,3550634.0,3551513.0
2023-03-17 22:05:00,3550000.0,3553381.0,3550000.0,3550503.0
2023-03-17 22:06:00,3550503.0,3551322.0,3545901.0,3549160.0
2023-03-17 22:07:00,3549160.0,3549160.0,3543036.0,3543971.0
2023-03-17 22:08:00,3543472.0,3545754.0,3542941.0,3545192.0
2023-03-17 22:09:00,3545092.0,3546980.0,3544537.0,3546576.0
2023-03-17 22:10:00,3547158.0,3551580.0,3547158.0,3551560.0
2023-03-17 22:11:00,3551180.0,3551564.0,3546067.0,3546211.0
2023-03-17 22:12:00,3546712.0,3548685.0,3543353.0,3543835.0
2023-03-17 22:13:00,3543835.0,3545697.0,3539634.0,3541296.0
2023-03-17 22:14:00,3540625.0,3542743.0,3536880.0,3537243.0
2023-03-17 22:15:00,3536426.0,3539772.0,3534140.0,3538070.0
2023-03-17 22:16:00,3538070.0,3542662.0,3534600.0,3534600.0
2023-03-17 22:17:00,3534586.0,3536501.0,3530981.0,3531276.0
2023-03-17 22:18:00,3530664.0,3533097.0,3527889.0,3527889.0
2023-03-17 22:19:00,3527889.0,3530000.0,3525020.0,3526560.0
2023-03-17 22:20:00,3526929.0,3531481.0,3525000.0,3530010.0
2023-03-17 22:21:00,3530010.0,3538052.0,3530010.0,3537450.0
2023-03-17 22:22:00,3537450.0,3541360.0,3536209.0,3536209.0
2023-03-17 22:23:00,3536209.0,3537778.0,3534552.0,3536544.0
2023-03-17 22:24:00,3536550.0,3537315.0,3533454.0,3533636.0
2023-03-17 22:25:00,3533636.0,3538227.0,3533636.0,3536685.0
2023-03-17 22:26:00,3536654.0,3542999.0,3536654.0,3542999.0
2023-03-17 22:27:00,3543309.0,3543309.0,3533469.0,3533925.0
2023-03-17 22:28:00,3533000.0,3538044.0,3533000.0,3537545.0
2023-03-17 22:29:00,3536741.0,3539250.0,3534902.0,3538621.0
2023-03-17 22:30:00,3538708.0,3542500.0,3538396.0,3540582.0
2023-03-17 22:31:00,3540582.0,3542034.0,3533967.0,3534829.0
2023-03-17 22:32:00,3534308.0,3538889.0,3532448.0,3536759.0
2023-03-17 22:33:00,3536093.0,3539531.0,3532238.0,3532383.0
2023-03-17 22:34:00,3532383.0,3533652.0,3528500.0,3528777.0
2023-03-17 22:35:00,3528658.0,3531195.0,3515044.0,3517023.0
2023-03-17 22:36:00,3516874.0,3526244.0,3515994.0,3522183.0
2023-03-17 22:37:00,3522683.0,3530809.0,3522586.0,3528969.0
2023-03-17 22:38:00,3526209.0,3533026.0,3524950.0,3530610.0
2023-03-17 22:39:00,3530610.0,3534478.0,3524850.0,3534478.0
2023-03-17 22:40:00,3535597.0,3540849.0,3534281.0,3536869.0
2023-03-17 22:41:00,3536869.0,3537667.0,3527911.0,3528419.0
2023-03-17 22:42:00,3527753.0,3528456.0,3519574.0,3519957.0
2023-03-17 22:43:00,3519616.0,3524684.0,3519616.0,3523810.0
2023-03-17 22:44:00,3523880.0,3529104.0,3522533.0,3527451.0
2023-03-17 22:45:00,3527156.0,3528355.0,3520691.0,3523086.0
2023-03-17 22:46:00,3523086.0,3525956.0,3517686.0,3519375.0
2023-03-17 22:47:00,3519352.0,3521094.0,3513752.0,3514504.0
2023-03-17 22:48:00,3516620.0,3520854.0,3511575.0,3513692.0
2023-03-17 22:49:00,3513208.0,3514451.0,3506150.0,3512006.0
2023-03-17 22:50:00,3512006.0,3520096.0,3512006.0,3519296.0
2023-03-17 22:51:00,3519296.0,3523463.0,3513668.0,3521459.0
2023-03-17 22:52:00,3521834.0,3523450.0,3517493.0,3517651.0
2023-03-17 22:53:00,3517651.0,3519128.0,3509451.0,3510520.0
2023-03-17 22:54:00,3510520.0,3515423.0,3509107.0,3509884.0
2023-03-17 22:55:00,3509884.0,3515155.0,3509884.0,3513889.0
2023-03-17 22:56:00,3514824.0,3516654.0,3510713.0,3512429.0
2023-03-17 22:57:00,3512429.0,3519142.0,3512298.0,3515919.0
2023-03-17 22:58:00,3515919.0,3516032.0,3512604.0,3514429.0
2023-03-17 22:59:00,3514429.0,3520713.0,3514429.0,3520519.0
2023-03-17 23:00:00,3521387.0,3522733.0,3519121.0,3520659.0
2023-03-17 23:01:00,3520727.0,3527403.0,3520727.0,3526508.0
2023-03-17 23:02:00,3527846.0,3533203.0,3525753.0,3531947.0
2023-03-17 23:03:00,3531947.0,3532633.0,3528217.0,3532412.0
2023-03-17 23:04:00,3532460.0,3534146.0,3529358.0,3532140.0
2023-03-17 23:05:00,3532140.0,3535295.0,3531853.0,3535295.0
2023-03-17 23:06:00,3535295.0,3541835.0,3535295.0,3539078.0
2023-03-17 23:07:00,3539078.0,3539078.0,3531117.0,3532025.0
2023-03-17 23:08:00,3532415.0,3536457.0,3529497.0,3530384.0
2023-03-17 23:09:00,3530384.0,3531506.0,3525151.0,3525995.0
2023-03-17 23:10:00,3526055.0,3526324.0,3518350.0,3518350.0
2023-03-17 23:11:00,3519244.0,3521043.0,3513565.0,3515166.0
2023-03-17 23:12:00,3515279.0,3525629.0,3513431.0,3525629.0
2023-03-17 23:13:00,3522902.0,3529897.0,3522188.0,3527842.0
2023-03-17 23:14:00,3527842.0,3534638.0,3523688.0,3530952.0
2023-03-17 23:15:00,3532473.0,3536288.0,3531753.0,3531897.0
2023-03-17 23:16:00,3531897.0,3537290.0,3530327.0,3535188.0
2023-03-17 23:17:00,3535188.0,3536323.0,3531246.0,3531974.0
2023-03-17 23:18:00,3531848.0,3531848.0,3525382.0,3526507.0
2023-03-17 23:19:00,3526694.0,3527420.0,3520435.0,3524096.0
2023-03-17 23:20:00,3524191.0,3527238.0,3521784.0,3521784.0
2023-03-17 23:21:00,3521784.0,3530385.0,3521557.0,3529450.0
2023-03-17 23:22:00,3529860.0,3532302.0,3527717.0,3529789.0
2023-03-17 23:23:00,3529789.0,3529789.0,3523534.0,3527645.0
2023-03-17 23:24:00,3526103.0,3526103.0,3519601.0,3520698.0
2023-03-17 23:25:00,3520698.0,3523183.0,3519617.0,3521160.0
2023-03-17 23:26:00,3521160.0,3523090.0,3511962.0,3512063.0
2023-03-17 23:27:00,3511879.0,3515389.0,3508237.0,3510606.0
2023-03-17 23:28:00,3510818.0,3511626.0,3504624.0,3506695.0
2023-03-17 23:29:00,3506695.0,3506897.0,3497758.0,3499445.0
2023-03-17 23:30:00,3497804.0,3507120.0,3495631.0,3506263.0
2023-03-17 23:31:00,3506000.0,3514350.0,3504662.0,3511675.0
2023-03-17 23:32:00,3511648.0,3515315.0,3505631.0,3505631.0
2023-03-17 23:33:00,3504514.0,3509859.0,3503592.0,3507887.0
2023-03-17 23:34:00,3506780.0,3506788.0,3497400.0,3499237.0
2023-03-17 23:35:00,3499393.0,3501515.0,3491701.0,3494991.0
2023-03-17 23:36:00,3494659.0,3502213.0,3493593.0,3498600.0
2023-03-17 23:37:00,3499899.0,3503556.0,3494914.0,3499206.0
2023-03-17 23:38:00,3499613.0,3499860.0,3493408.0,3496224.0
2023-03-17 23:39:00,3496224.0,3496224.0,3476727.0,3477104.0
2023-03-17 23:40:00,3477020.0,3484558.0,3472583.0,3477240.0
2023-03-17 23:41:00,3478158.0,3485606.0,3476764.0,3480956.0
2023-03-17 23:42:00,3479446.0,3483086.0,3468850.0,3471469.0
2023-03-17 23:43:00,3471469.0,3476622.0,3464991.0,3464991.0
2023-03-17 23:44:00,3466540.0,3469020.0,3457666.0,3459767.0
2023-03-17 23:45:00,3459599.0,3469682.0,3458686.0,3469682.0
2023-03-17 23:46:00,3466925.0,3476209.0,3463515.0,3475014.0
2023-03-17 23:47:00,3474566.0,3476100.0,3467385.0,3475564.0
2023-03-17 23:48:00,3476100.0,3479233.0,3472704.0,3477155.0
2023-03-17 23:49:00,3477155.0,3484071.0,3475117.0,3484071.0
2023-03-17 23:50:00,3484051.0,3484499.0,3476561.0,3478190.0
2023-03-17 23:51:00,3478190.0,3479198.0,3473870.0,3475593.0
2023-03-17 23:52:00,3475666.0,3476950.0,3466733.0,3467913.0
2023-03-17 23:53:00,3467278.0,3473706.0,3465411.0,3472691.0
2023-03-17 23:54:00,3472691.0,3478535.0,3472315.0,3475227.0
2023-03-17 23:55:00,3475227.0,3477523.0,3469449.0,3469449.0
2023-03-17 23:56:00,3469404.0,3481427.0,3469404.0,3479618.0
2023-03-17 23:57:00,3481464.0,3486571.0,3479618.0,3485000.0
2023-03-17 23:58:00,3485000.0,3490000.0,3484854.0,3486878.0
2023-03-17 23:59:00,3486521.0,3490704.0,3486521.0,3488091.0
2023-03-18 00:00:00,3486992.0,3491679.0,3481277.0,3482495.0
2023-03-18 00:01:00,3482794.0,3485799.0,3480038.0,3480038.0
2023-03-18 00:02:00,3481390.0,3486356.0,3479678.0,3486118.0
2023-03-18 00:03:00,3487097.0,3488178.0,3483782.0,3483782.0
2023-03-18 00:04:00,3483782.0,3486036.0,3481200.0,3484253.0
2023-03-18 00:05:00,3484696.0,3485004.0,3476201.0,3476201.0
2023-03-18 00:06:00,3476201.0,3481691.0,3475813.0,3478387.0
2023-03-18 00:07:00,3478387.0,3489572.0,3478387.0,3488701.0
2023-03-18 00:08:00,3489532.0,3493451.0,3489532.0,3491963.0
2023-03-18 00:09:00,3492910.0,3495188.0,3489283.0,3490842.0
2023-03-18 00:10:00,3490142.0,3491336.0,3487592.0,3488394.0
2023-03-18 00:11:00,3488440.0,3492446.0,3487672.0,3489913.0
2023-03-18 00:12:00,3489850.0,3495535.0,3489850.0,3495195.0
2023-03-18 00:13:00,3494956.0,3499020.0,3494889.0,3498232.0
2023-03-18 00:14:00,3498232.0,3499723.0,3496575.0,3499458.0
2023-03-18 00:15:00,3499458.0,3500801.0,3496347.0,3498763.0
2023-03-18 00:16:00,3498763.0,3508744.0,3498551.0,3507816.0
2023-03-18 00:17:00,3507272.0,3518361.0,3507218.0,3515100.0
2023-03-18 00:18:00,3515099.0,3518317.0,3512808.0,3516410.0
2023-03-18 00:19:00,3516410.0,3516410.0,3512730.0,3516323.0
2023-03-18 00:20:00,3516323.0,3517871.0,3508357.0,3508357.0
2023-03-18 00:21:00,3508357.0,3514154.0,3507887.0,3510197.0
2023-03-18 00:22:00,3510197.0,3510197.0,3503195.0,3503850.0
2023-03-18 00:23:00,3504213.0,3505935.0,3494439.0,3494439.0
2023-03-18 00:24:00,3494143.0,3498659.0,3494143.0,3494520.0
2023-03-18 00:25:00,3494265.0,3498608.0,3487737.0,3488408.0
2023-03-18 00:26:00,3488408.0,3489467.0,3484033.0,3488287.0
2023-03-18 00:27:00,3487268.0,3493489.0,3487196.0,3493378.0
2023-03-18 00:28:00,3492731.0,3497500.0,3492731.0,3494277.0
2023-03-18 00:29:00,3495168.0,3495450.0,3489348.0,3491257.0
2023-03-18 00:30:00,3491438.0,3495917.0,3490659.0,3495426.0
2023-03-18 00:31:00,3495618.0,3500385.0,3493739.0,3499956.0
2023-03-18 00:32:00,3499701.0,3506195.0,3498668.0,3502949.0
2023-03-18 00:33:00,3503157.0,3509111.0,3501382.0,3506539.0
2023-03-18 00:34:00,3506539.0,3507910.0,3503041.0,3503041.0
2023-03-18 00:35:00,3502602.0,3506548.0,3501292.0,3501658.0
2023-03-18 00:36:00,3501233.0,3501880.0,3492485.0,3494668.0
2023-03-18 00:37:00,3495050.0,3495050.0,3488523.0,3492035.0
2023-03-18 00:38:00,3492035.0,3495501.0,3490650.0,3494761.0
2023-03-18 00:39:00,3494761.0,3495458.0,3491508.0,3492235.0
2023-03-18 00:40:00,3492235.0,3496323.0,3490427.0,3496323.0
2023-03-18 00:41:00,3496323.0,3499943.0,3494792.0,3496354.0
2023-03-18 00:42:00,3496354.0,3496354.0,3489414.0,3489414.0
2023-03-18 00:43:00,3489414.0,3489414.0,3483000.0,3483099.0
2023-03-18 00:44:00,3483000.0,3486811.0,3481564.0,3486412.0
2023-03-18 00:45:00,3486412.0,3492214.0,3485707.0,3491135.0
2023-03-18 00:46:00,3491135.0,3494117.0,3489618.0,3491026.0
2023-03-18 00:47:00,3491026.0,3491956.0,3486547.0,3487143.0
2023-03-18 00:48:00,3487331.0,3491864.0,3485202.0,3486858.0
2023-03-18 00:49:00,3486858.0,3492250.0,3486858.0,3491198.0
2023-03-18 00:50:00,3491198.0,3498263.0,3489720.0,3498263.0
2023-03-18 00:51:00,3498152.0,3500213.0,3495146.0,3496839.0
2023-03-18 00:52:00,3496973.0,3501538.0,3496942.0,3498758.0
2023-03-18 00:53:00,3499895.0,3504026.0,3498125.0,3503304.0
2023-03-18 00:54:00,3503304.0,3503304.0,3496596.0,3497000.0
2023-03-18 00:55:00,3497490.0,3499739.0,3496844.0,3499436.0
2023-03-18 00:56:00,3501103.0,3502716.0,3499892.0,3500536.0
2023-03-18 00:57:00,3500536.0,3501378.0,3495694.0,3496176.0
2023-03-18 00:58:00,3496176.0,3501432.0,3494524.0,3501432.0
2023-03-18 00:59:00,3501791.0,3502803.0,3499433.0,3502456.0
2023-03-18 01:00:00,3502456.0,3504581.0,3500500.0,3501128.0
2023-03-18 01:01:00,3501128.0,3504685.0,3499740.0,3503763.0
2023-03-18 01:02:00,3503763.0,3506152.0,3500003.0,3503178.0
2023-03-18 01:03:00,3503634.0,3507999.0,3500724.0,3507053.0
2023-03-18 01:04:00,3507053.0,3509553.0,3505178.0,3508439.0
2023-03-18 01:05:00,3509100.0,3510859.0,3504694.0,3504797.0
2023-03-18 01:06:00,3504797.0,3505491.0,3501093.0,3503615.0
2023-03-18 01:07:00,3503615.0,3506786.0,3501524.0,3504150.0
2023-03-18 01:08:00,3505039.0,3508681.0,3503740.0,3508462.0
2023-03-18 01:09:00,3508462.0,3514507.0,3508462.0,3513059.0
2023-03-18 01:10:00,3512911.0,3513396.0,3510960.0,3511519.0
2023-03-18 01:11:00,3511519.0,3513231.0,3505472.0,3507954.0
2023-03-18 01:12:00,3507954.0,3515827.0,3507751.0,3515186.0
2023-03-18 01:13:00,3515587.0,3521322.0,3513142.0,3521322.0
2023-03-18 01:14:00,3520591.0,3524122.0,3515852.0,3516957.0
2023-03-18 01:15:00,3516336.0,3518465.0,3512822.0,3512822.0
2023-03-18 01:16:00,3512131.0,3515809.0,3512131.0,3513021.0
2023-03-18 01:17:00,3512925.0,3518343.0,3512849.0,3515311.0
2023-03-18 01:18:00,3515311.0,3517209.0,3511486.0,3512622.0
2023-03-18 01:19:00,3512622.0,3513061.0,3508720.0,3512697.0
2023-03-18 01:20:00,3512662.0,3515968.0,3511879.0,3513573.0
2023-03-18 01:21:00,3513459.0,3513459.0,3506612.0,3506612.0
2023-03-18 01:22:00,3507065.0,3507462.0,3505125.0,3506104.0
2023-03-18 01:23:00,3506104.0,3508240.0,3502705.0,3505021.0
2023-03-18 01:24:00,3505021.0,3506441.0,3504069.0,3504592.0
2023-03-18 01:25:00,3504592.0,3508440.0,3502407.0,3507077.0
2023-03-18 01:26:00,3507830.0,3510274.0,3506436.0,3509383.0
2023-03-18 01:27:00,3509383.0,3513745.0,3508858.0,3510176.0
2023-03-18 01:28:00,3510176.0,3512485.0,3509576.0,3510021.0
2023-03-18 01:29:00,3510122.0,3516236.0,3510122.0,3513986.0
2023-03-18 01:30:00,3513986.0,3519853.0,3513986.0,3519853.0
2023-03-18 01:31:00,3519853.0,3525802.0,3519806.0,3521694.0
2023-03-18 01:32:00,3521578.0,3524163.0,3518681.0,3520251.0
2023-03-18 01:33:00,3520251.0,3521006.0,3515601.0,3515601.0
2023-03-18 01:34:00,3515601.0,3515896.0,3511845.0,3513692.0
2023-03-18 01:35:00,3513315.0,3513315.0,3505221.0,3506322.0
2023-03-18 01:36:00,3506235.0,3509383.0,3506235.0,3508788.0
2023-03-18 01:37:00,3508788.0,3509857.0,3502309.0,3502309.0
2023-03-18 01:38:00,3502309.0,3504615.0,3500892.0,3503272.0
2023-03-18 01:39:00,3503074.0,3505850.0,3499046.0,3501555.0
2023-03-18 01:40:00,3501555.0,3502620.0,3499043.0,3501834.0
2023-03-18 01:41:00,3501834.0,3502979.0,3497955.0,3498657.0
2023-03-18 01:42:00,3498657.0,3502761.0,3498595.0,3502147.0
2023-03-18 01:43:00,3502147.0,3506202.0,3500657.0,3505000.0
2023-03-18 01:44:00,3505000.0,3507061.0,3503581.0,3506322.0
2023-03-18 01:45:00,3506322.0,3506812.0,3503209.0,3504798.0
2023-03-18 01:46:00,3504798.0,3506323.0,3500040.0,3500040.0
2023-03-18 01:47:00,3500040.0,3503797.0,3498063.0,3503688.0
2023-03-18 01:48:00,3503216.0,3503852.0,3501520.0,3501643.0
2023-03-18 01:49:00,3501643.0,3503375.0,3500607.0,3503375.0
2023-03-18 01:50:00,3503375.0,3509692.0,3502727.0,3508600.0
2023-03-18 01:51:00,3508600.0,3511006.0,3505839.0,3505839.0
2023-03-18 01:52:00,3505839.0,3505870.0,3503212.0,3505566.0
2023-03-18 01:53:00,3505202.0,3505566.0,3502449.0,3502449.0
2023-03-18 01:54:00,3502326.0,3502640.0,3495839.0,3495977.0
2023-03-18 01:55:00,3495977.0,3500795.0,3495761.0,3498816.0
2023-03-18 01:56:00,3498912.0,3504421.0,3498053.0,3501509.0
2023-03-18 01:57:00,3501509.0,3505653.0,3501509.0,3505012.0
2023-03-18 01:58:00,3505012.0,3505213.0,3502108.0,3504268.0
2023-03-18 01:59:00,3503850.0,3503910.0,3499436.0,3500933.0
2023-03-18 02:00:00,3500933.0,3502182.0,3500067.0,3501309.0
2023-03-18 02:01:00,3501309.0,3516242.0,3498899.0,3514330.0
2023-03-18 02:02:00,3515564.0,3519807.0,3514799.0,3514904.0
2023-03-18 02:03:00,3514044.0,3517442.0,3511528.0,3514474.0
2023-03-18 02:04:00,3514474.0,3525225.0,3513875.0,3522842.0
2023-03-18 02:05:00,3523170.0,3528898.0,3518397.0,3528898.0
2023-03-18 02:06:00,3527335.0,3536582.0,3525916.0,3530442.0
2023-03-18 02:07:00,3531593.0,3536223.0,3530881.0,3535291.0
2023-03-18 02:08:00,3535899.0,3536070.0,3525803.0,3528290.0
2023-03-18 02:09:00,3528289.0,3528944.0,3523183.0,3525400.0
2023-03-18 02:10:00,3525590.0,3527225.0,3519354.0,3520988.0
2023-03-18 02:11:00,3521298.0,3525290.0,3515000.0,3524204.0
2023-03-18 02:12:00,3524204.0,3530716.0,3523516.0,3529924.0
2023-03-18 02:13:00,3529924.0,3536958.0,3528000.0,3535575.0
2023-03-18 02:14:00,3534955.0,3540369.0,3534748.0,3536276.0
2023-03-18 02:15:00,3536276.0,3537159.0,3530927.0,3534565.0
2023-03-18 02:16:00,3534565.0,3542009.0,3533435.0,3538184.0
2023-03-18 02:17:00,3537987.0,3537987.0,3529902.0,3531338.0
2023-03-18 02:18:00,3531338.0,3533096.0,3527194.0,3532378.0
2023-03-18 02:19:00,3532378.0,3536839.0,3531032.0,3536839.0
2023-03-18 02:20:00,3536839.0,3537343.0,3534450.0,3535560.0
2023-03-18 02:21:00,3535451.0,3539561.0,3532084.0,3532084.0
2023-03-18 02:22:00,3530918.0,3533046.0,3528158.0,3531746.0
2023-03-18 02:23:00,3531746.0,3533405.0,3525000.0,3525000.0
2023-03-18 02:24:00,3523649.0,3525779.0,3519010.0,3525059.0
2023-03-18 02:25:00,3525059.0,3525059.0,3519811.0,3521015.0
2023-03-18 02:26:00,3521015.0,3521829.0,3518324.0,3520247.0
2023-03-18 02:27:00,3520050.0,3521319.0,3519136.0,3519453.0
2023-03-18 02:28:00,3519449.0,3520838.0,3516439.0,3518783.0
2023-03-18 02:29:00,3518783.0,3524359.0,3518454.0,3524300.0
2023-03-18 02:30:00,3524359.0,3524847.0,3518047.0,3519331.0
2023-03-18 02:31:00,3519331.0,3522095.0,3516472.0,3519465.0
2023-03-18 02:32:00,3519465.0,3522531.0,3517868.0,3521667.0
2023-03-18 02:33:00,3521667.0,3526929.0,3520276.0,3520498.0
2023-03-18 02:34:00,3520498.0,3520498.0,3517607.0,3518238.0
2023-03-18 02:35:00,3518238.0,3518238.0,3512510.0,3514232.0
2023-03-18 02:36:00,3514232.0,3515112.0,3512605.0,3513663.0
2023-03-18 02:37:00,3513661.0,3515937.0,3509063.0,3510397.0
2023-03-18 02:38:00,3510757.0,3514453.0,3510757.0,3513600.0
2023-03-18 02:39:00,3513600.0,3519623.0,3513001.0,3516707.0
2023-03-18 02:40:00,3516649.0,3517323.0,3510397.0,3510939.0
2023-03-18 02:41:00,3510939.0,3510965.0,3506734.0,3507656.0
2023-03-18 02:42:00,3507584.0,3512688.0,3507406.0,3511540.0
2023-03-18 02:43:00,3511540.0,3513079.0,3508686.0,3509023.0
2023-03-18 02:44:00,3509270.0,3512988.0,3508745.0,3511886.0
2023-03-18 02:45:00,3511886.0,3514770.0,3510202.0,3512960.0
2023-03-18 02:46:00,3512960.0,3513153.0,3509722.0,3513095.0
2023-03-18 02:47:00,3513122.0,3516704.0,3512244.0,3515432.0
2023-03-18 02:48:00,3516687.0,3519382.0,3516186.0,3516528.0
2023-03-18 02:49:00,3516528.0,3518100.0,3512734.0,3513538.0
2023-03-18 02:50:00,3514162.0,3514375.0,3508686.0,3510919.0
2023-03-18 02:51:00,3510919.0,3514087.0,3509265.0,3513296.0
2023-03-18 02:52:00,3513185.0,3515114.0,3512264.0,3513692.0
2023-03-18 02:53:00,3513908.0,3515818.0,3511452.0,3512192.0
2023-03-18 02:54:00,3512255.0,3515039.0,3511247.0,3514871.0
2023-03-18 02:55:00,3515205.0,3515834.0,3511779.0,3512633.0
2023-03-18 02:56:00,3512633.0,3512633.0,3508686.0,3510231.0
2023-03-18 02:57:00,3510231.0,3510971.0,3507974.0,3510971.0
2023-03-18 02:58:00,3510971.0,3513296.0,3510833.0,3513236.0
2023-03-18 02:59:00,3513236.0,3515722.0,3512558.0,3515389.0
2023-03-18 03:00:00,3515732.0,3518126.0,3512127.0,3512127.0
2023-03-18 03:01:00,3512127.0,3514672.0,3510665.0,3510665.0
2023-03-18 03:02:00,3511752.0,3516770.0,3511527.0,3516439.0
2023-03-18 03:03:00,3516490.0,3519072.0,3515558.0,3517510.0
2023-03-18 03:04:00,3517510.0,3517510.0,3512356.0,3513724.0
2023-03-18 03:05:00,3513724.0,3516046.0,3512216.0,3515237.0
2023-03-18 03:06:00,3514653.0,3514653.0,3507416.0,3507697.0
2023-03-18 03:07:00,3507697.0,3509337.0,3501173.0,3501873.0
2023-03-18 03:08:00,3502594.0,3502594.0,3494697.0,3496815.0
2023-03-18 03:09:00,3496815.0,3500430.0,3491894.0,3492094.0
2023-03-18 03:10:00,3493255.0,3495763.0,3483280.0,3486525.0
2023-03-18 03:11:00,3487032.0,3489573.0,3485350.0,3487995.0
2023-03-18 03:12:00,3487995.0,3497991.0,3487995.0,3496784.0
2023-03-18 03:13:00,3496784.0,3496784.0,3490379.0,3492028.0
2023-03-18 03:14:00,3492604.0,3493403.0,3489232.0,3491067.0
2023-03-18 03:15:00,3491067.0,3491067.0,3482335.0,3488881.0
2023-03-18 03:16:00,3489116.0,3491462.0,3486028.0,3489954.0
2023-03-18 03:17:00,3489717.0,3493581.0,3487770.0,3488075.0
2023-03-18 03:18:00,3489489.0,3492923.0,3488732.0,3490450.0
2023-03-18 03:19:00,3490450.0,3490450.0,3486595.0,3487439.0
2023-03-18 03:20:00,3487439.0,3490658.0,3485670.0,3488328.0
2023-03-18 03:21:00,3488328.0,3490136.0,3487471.0,3489900.0
2023-03-18 03:22:00,3489900.0,3489947.0,3485000.0,3486788.0
2023-03-18 03:23:00,3486919.0,3492740.0,3486919.0,3490461.0
2023-03-18 03:24:00,3490461.0,3490846.0,3485632.0,3487212.0
2023-03-18 03:25:00,3487212.0,3489892.0,3486828.0,3487033.0
2023-03-18 03:26:00,3486400.0,3489087.0,3484565.0,3485109.0
2023-03-18 03:27:00,3485510.0,3490660.0,3485510.0,3488473.0
2023-03-18 03:28:00,3488473.0,3493700.0,3486257.0,3486902.0
2023-03-18 03:29:00,3487347.0,3489719.0,3486802.0,3489719.0
2023-03-18 03:30:00,3489227.0,3495794.0,3489075.0,3493112.0
2023-03-18 03:31:00,3493642.0,3495776.0,3491127.0,3495127.0
2023-03-18 03:32:00,3495154.0,3499853.0,3494381.0,3498541.0
2023-03-18 03:33:00,3498541.0,3502714.0,3497726.0,3501067.0
2023-03-18 03:34:00,3501067.0,3502713.0,3500159.0,3500863.0
2023-03-18 03:35:00,3500863.0,3502720.0,3497510.0,3498729.0
2023-03-18 03:36:00,3498729.0,3502748.0,3498071.0,3502119.0
2023-03-18 03:37:00,3502119.0,3503047.0,3500295.0,3501654.0
2023-03-18 03:38:00,3501398.0,3503050.0,3499189.0,3501613.0
2023-03-18 03:39:00,3501613.0,3503640.0,3500125.0,3503372.0
2023-03-18 03:40:00,3503372.0,3503601.0,3500162.0,3500314.0
2023-03-18 03:41:00,3500314.0,3504940.0,3498646.0,3502941.0
2023-03-18 03:42:00,3502941.0,3504925.0,3502456.0,3503042.0
2023-03-18 03:43:00,3504782.0,3506694.0,3501972.0,3501972.0
2023-03-18 03:44:00,3501972.0,3504729.0,3501099.0,3501995.0
2023-03-18 03:45:00,3502426.0,3504308.0,3501036.0,3503277.0
2023-03-18 03:46:00,3503277.0,3506683.0,3502368.0,3505563.0
2023-03-18 03:47:00,3505563.0,3508409.0,3504132.0,3507210.0
2023-03-18 03:48:00,3507210.0,3515042.0,3506532.0,3513835.0
2023-03-18 03:49:00,3513794.0,3514961.0,3512764.0,3513763.0
2023-03-18 03:50:00,3514022.0,3517380.0,3510353.0,3514310.0
2023-03-18 03:51:00,3516498.0,3516498.0,3510572.0,3514442.0
2023-03-18 03:52:00,3514176.0,3514608.0,3506113.0,3506236.0
2023-03-18 03:53:00,3506236.0,3507419.0,3502483.0,3505145.0
2023-03-18 03:54:00,3505145.0,3507339.0,3503716.0,3505943.0
2023-03-18 03:55:00,3505943.0,3513680.0,3505943.0,3511716.0
2023-03-18 03:56:00,3511917.0,3513943.0,3510853.0,3513546.0
2023-03-18 03:57:00,3513546.0,3517712.0,3511406.0,3517112.0
2023-03-18 03:58:00,3517441.0,3519267.0,3515308.0,3516334.0
2023-03-18 03:59:00,3516543.0,3519578.0,3514969.0,3519263.0
2023-03-18 04:00:00,3519263.0,3521078.0,3519263.0,3520136.0



2023-03-19 21:37:00,3609504.0,3610950.0,3609189.0,3610932.0
2023-03-19 21:38:00,3611118.0,3612424.0,3609369.0,3610163.0
2023-03-19 21:39:00,3610163.0,3614447.0,3609584.0,3613466.0
2023-03-19 21:40:00,3613466.0,3614550.0,3610373.0,3610415.0
2023-03-19 21:41:00,3611053.0,3613525.0,3608670.0,3612221.0
2023-03-19 21:42:00,3612221.0,3617317.0,3612221.0,3616175.0
2023-03-19 21:43:00,3616175.0,3617139.0,3614360.0,3615606.0
2023-03-19 21:44:00,3615606.0,3617557.0,3614902.0,3616001.0
2023-03-19 21:45:00,3616001.0,3617640.0,3612366.0,3612885.0
2023-03-19 21:46:00,3613308.0,3616179.0,3612885.0,3615033.0
2023-03-19 21:47:00,3615457.0,3617319.0,3614569.0,3616651.0
2023-03-19 21:48:00,3616651.0,3618841.0,3614734.0,3615232.0
2023-03-19 21:49:00,3615232.0,3615547.0,3613627.0,3614725.0
2023-03-19 21:50:00,3614724.0,3615935.0,3612256.0,3612860.0
2023-03-19 21:51:00,3612860.0,3613146.0,3610042.0,3610576.0
2023-03-19 21:52:00,3610653.0,3610984.0,3607796.0,3608413.0
2023-03-19 21:53:00,3608450.0,3609933.0,3608000.0,3608000.0
2023-03-19 21:54:00,3608000.0,3610745.0,3608000.0,3610745.0
2023-03-19 21:55:00,3610745.0,3610754.0,3608329.0,3608952.0
2023-03-19 21:56:00,3608952.0,3610521.0,3608000.0,3610440.0
2023-03-19 21:57:00,3610440.0,3613581.0,3610440.0,3612872.0
2023-03-19 21:58:00,3612872.0,3613328.0,3611897.0,3612779.0
2023-03-19 21:59:00,3612779.0,3613579.0,3612073.0,3612073.0
2023-03-19 22:00:00,3612073.0,3615331.0,3612058.0,3614217.0
2023-03-19 22:01:00,3614738.0,3616797.0,3613089.0,3616078.0
2023-03-19 22:02:00,3616078.0,3616680.0,3613947.0,3615202.0
2023-03-19 22:03:00,3615202.0,3616261.0,3612548.0,3612978.0
2023-03-19 22:04:00,3612978.0,3612978.0,3605041.0,3606100.0
2023-03-19 22:05:00,3606163.0,3607267.0,3603312.0,3603564.0
2023-03-19 22:06:00,3603734.0,3606431.0,3603507.0,3605311.0
2023-03-19 22:07:00,3605311.0,3606218.0,3600559.0,3600559.0
2023-03-19 22:08:00,3601157.0,3602908.0,3597771.0,3599963.0
2023-03-19 22:09:00,3600153.0,3601497.0,3597656.0,3597677.0
2023-03-19 22:10:00,3597677.0,3598678.0,3592685.0,3593400.0
2023-03-19 22:11:00,3593465.0,3599003.0,3593465.0,3597907.0
2023-03-19 22:12:00,3597587.0,3601105.0,3595335.0,3595598.0
2023-03-19 22:13:00,3595598.0,3600835.0,3595598.0,3600554.0
2023-03-19 22:14:00,3600554.0,3604093.0,3599701.0,3602526.0
2023-03-19 22:15:00,3603617.0,3604143.0,3600436.0,3603580.0
2023-03-19 22:16:00,3604399.0,3605758.0,3603173.0,3604484.0
2023-03-19 22:17:00,3604484.0,3604575.0,3601065.0,3603058.0
2023-03-19 22:18:00,3603058.0,3604270.0,3601963.0,3602746.0
2023-03-19 22:19:00,3602746.0,3604655.0,3601393.0,3603070.0
2023-03-19 22:20:00,3603379.0,3606121.0,3603379.0,3606057.0
2023-03-19 22:21:00,3606353.0,3608000.0,3602076.0,3603390.0
2023-03-19 22:22:00,3603390.0,3606276.0,3601484.0,3605313.0
2023-03-19 22:23:00,3605313.0,3607469.0,3605001.0,3606709.0
2023-03-19 22:24:00,3606600.0,3607950.0,3606003.0,3606609.0
2023-03-19 22:25:00,3606609.0,3610098.0,3604741.0,3604784.0
2023-03-19 22:26:00,3604784.0,3607616.0,3604784.0,3607616.0
2023-03-19 22:27:00,3607616.0,3609810.0,3606437.0,3607502.0
2023-03-19 22:28:00,3607502.0,3609527.0,3606563.0,3609267.0
2023-03-19 22:29:00,3609267.0,3610529.0,3607650.0,3608137.0
2023-03-19 22:30:00,3608137.0,3611729.0,3608137.0,3610750.0
2023-03-19 22:31:00,3610750.0,3610918.0,3608708.0,3609427.0
2023-03-19 22:32:00,3609427.0,3609623.0,3605691.0,3605691.0
2023-03-19 22:33:00,3605861.0,3605861.0,3603668.0,3604908.0
2023-03-19 22:34:00,3604908.0,3604908.0,3603273.0,3604907.0
2023-03-19 22:35:00,3604907.0,3605871.0,3600595.0,3601638.0
2023-03-19 22:36:00,3601638.0,3602219.0,3599451.0,3599451.0
2023-03-19 22:37:00,3599451.0,3600000.0,3593366.0,3596716.0
2023-03-19 22:38:00,3596716.0,3598881.0,3595343.0,3595955.0
2023-03-19 22:39:00,3595956.0,3600752.0,3595956.0,3600112.0
2023-03-19 22:40:00,3600112.0,3601648.0,3598973.0,3599032.0
2023-03-19 22:41:00,3599415.0,3604085.0,3599415.0,3602794.0
2023-03-19 22:42:00,3603131.0,3604265.0,3600202.0,3601143.0
2023-03-19 22:43:00,3601143.0,3602904.0,3601143.0,3601986.0
2023-03-19 22:44:00,3602171.0,3602171.0,3599532.0,3601213.0
2023-03-19 22:45:00,3601297.0,3603320.0,3600189.0,3601125.0
2023-03-19 22:46:00,3601125.0,3601846.0,3598685.0,3600816.0
2023-03-19 22:47:00,3600507.0,3602780.0,3600507.0,3602689.0
2023-03-19 22:48:00,3602689.0,3604550.0,3602197.0,3603390.0
2023-03-19 22:49:00,3603390.0,3605000.0,3603390.0,3604402.0
2023-03-19 22:50:00,3604402.0,3605442.0,3602886.0,3604571.0
2023-03-19 22:51:00,3604571.0,3605442.0,3602084.0,3602235.0
2023-03-19 22:52:00,3601960.0,3602797.0,3601390.0,3602797.0
2023-03-19 22:53:00,3602797.0,3603494.0,3599532.0,3600481.0
2023-03-19 22:54:00,3600481.0,3603687.0,3600481.0,3601946.0
2023-03-19 22:55:00,3601902.0,3605956.0,3601789.0,3605822.0
2023-03-19 22:56:00,3605564.0,3606161.0,3601784.0,3601976.0
2023-03-19 22:57:00,3601976.0,3603595.0,3601634.0,3603044.0
2023-03-19 22:58:00,3603044.0,3604602.0,3603044.0,3603304.0
2023-03-19 22:59:00,3603304.0,3605873.0,3602754.0,3604527.0
2023-03-19 23:00:00,3604625.0,3606892.0,3604625.0,3606441.0
2023-03-19 23:01:00,3607067.0,3608807.0,3606444.0,3608569.0
2023-03-19 23:02:00,3608569.0,3610823.0,3607874.0,3610547.0
2023-03-19 23:03:00,3610547.0,3614017.0,3609302.0,3610894.0
2023-03-19 23:04:00,3610894.0,3610894.0,3609742.0,3609847.0
2023-03-19 23:05:00,3610094.0,3611581.0,3608603.0,3610434.0
2023-03-19 23:06:00,3610434.0,3610609.0,3608148.0,3609194.0
2023-03-19 23:07:00,3609194.0,3612455.0,3608556.0,3612429.0
2023-03-19 23:08:00,3612085.0,3615850.0,3611391.0,3614298.0
2023-03-19 23:09:00,3614305.0,3617543.0,3614233.0,3615101.0
2023-03-19 23:10:00,3614667.0,3614785.0,3611324.0,3611887.0
2023-03-19 23:11:00,3611887.0,3614229.0,3611753.0,3612886.0
2023-03-19 23:12:00,3612886.0,3613718.0,3612100.0,3613263.0
2023-03-19 23:13:00,3613573.0,3614092.0,3610099.0,3610985.0
2023-03-19 23:14:00,3610820.0,3611020.0,3608360.0,3610198.0
2023-03-19 23:15:00,3610123.0,3612276.0,3609330.0,3610398.0
2023-03-19 23:16:00,3610161.0,3611721.0,3607535.0,3611668.0
2023-03-19 23:17:00,3611668.0,3619420.0,3611668.0,3618863.0
2023-03-19 23:18:00,3618863.0,3619739.0,3617185.0,3618758.0
2023-03-19 23:19:00,3618758.0,3619995.0,3617896.0,3619995.0
2023-03-19 23:20:00,3619995.0,3620878.0,3616482.0,3616800.0
2023-03-19 23:21:00,3616800.0,3617660.0,3615431.0,3617451.0
2023-03-19 23:22:00,3617451.0,3618231.0,3614755.0,3616979.0
2023-03-19 23:23:00,3616979.0,3616982.0,3614809.0,3616363.0
2023-03-19 23:24:00,3616363.0,3618726.0,3616069.0,3618111.0
2023-03-19 23:25:00,3618111.0,3618665.0,3615710.0,3617142.0
2023-03-19 23:26:00,3617142.0,3619345.0,3616704.0,3619271.0
2023-03-19 23:27:00,3619271.0,3623834.0,3618015.0,3623834.0
2023-03-19 23:28:00,3624721.0,3625440.0,3622335.0,3624869.0
2023-03-19 23:29:00,3624916.0,3627749.0,3624209.0,3626534.0
2023-03-19 23:30:00,3626534.0,3630023.0,3622945.0,3628569.0
2023-03-19 23:31:00,3628162.0,3628586.0,3624707.0,3625387.0
2023-03-19 23:32:00,3625370.0,3626089.0,3621299.0,3622950.0
2023-03-19 23:33:00,3622950.0,3623619.0,3620394.0,3623115.0
2023-03-19 23:34:00,3623115.0,3623115.0,3620185.0,3621205.0
2023-03-19 23:35:00,3621667.0,3621913.0,3616844.0,3618853.0
2023-03-19 23:36:00,3618853.0,3620193.0,3616804.0,3619214.0
2023-03-19 23:37:00,3618966.0,3621725.0,3618655.0,3619637.0
2023-03-19 23:38:00,3619637.0,3623079.0,3618343.0,3619620.0
2023-03-19 23:39:00,3619620.0,3621463.0,3619086.0,3620449.0
2023-03-19 23:40:00,3620449.0,3624082.0,3619341.0,3622324.0
2023-03-19 23:41:00,3622324.0,3623990.0,3621543.0,3623990.0
2023-03-19 23:42:00,3623990.0,3624000.0,3621042.0,3624000.0
2023-03-19 23:43:00,3624000.0,3624295.0,3621814.0,3622753.0
2023-03-19 23:44:00,3622753.0,3623441.0,3621927.0,3622077.0
2023-03-19 23:45:00,3622007.0,3623583.0,3621768.0,3623187.0
2023-03-19 23:46:00,3623274.0,3624634.0,3622835.0,3623687.0
2023-03-19 23:47:00,3623687.0,3624721.0,3623351.0,3624089.0
2023-03-19 23:48:00,3624089.0,3624395.0,3623239.0,3623694.0
2023-03-19 23:49:00,3623694.0,3624391.0,3622314.0,3623037.0
2023-03-19 23:50:00,3623037.0,3624721.0,3622848.0,3622848.0
2023-03-19 23:51:00,3622779.0,3623308.0,3621974.0,3621974.0
2023-03-19 23:52:00,3622255.0,3623698.0,3620503.0,3621895.0
2023-03-19 23:53:00,3621895.0,3621895.0,3619301.0,3621236.0
2023-03-19 23:54:00,3620618.0,3621362.0,3618984.0,3620004.0
2023-03-19 23:55:00,3620182.0,3621777.0,3619258.0,3621437.0
2023-03-19 23:56:00,3621437.0,3622266.0,3620949.0,3621765.0
2023-03-19 23:57:00,3621765.0,3623589.0,3621348.0,3623589.0
2023-03-19 23:58:00,3623588.0,3627999.0,3621454.0,3627999.0
2023-03-19 23:59:00,3627998.0,3629974.0,3624489.0,3625527.0
2023-03-20 00:00:00,3625527.0,3629202.0,3625360.0,3628452.0
2023-03-20 00:01:00,3628452.0,3629381.0,3623427.0,3625210.0
2023-03-20 00:02:00,3625210.0,3629833.0,3624693.0,3629452.0
2023-03-20 00:03:00,3629452.0,3635000.0,3628965.0,3635000.0
2023-03-20 00:04:00,3636031.0,3654000.0,3636031.0,3652542.0
2023-03-20 00:05:00,3652542.0,3666220.0,3649844.0,3658848.0
2023-03-20 00:06:00,3658044.0,3661390.0,3648143.0,3651139.0
2023-03-20 00:07:00,3651081.0,3655807.0,3649208.0,3649208.0
2023-03-20 00:08:00,3648828.0,3651816.0,3641359.0,3649244.0
2023-03-20 00:09:00,3649244.0,3657490.0,3646210.0,3654758.0
2023-03-20 00:10:00,3654551.0,3657792.0,3650510.0,3650510.0
2023-03-20 00:11:00,3650510.0,3658000.0,3649344.0,3653027.0
2023-03-20 00:12:00,3653496.0,3653721.0,3644578.0,3644578.0
2023-03-20 00:13:00,3645000.0,3645629.0,3636750.0,3641893.0
2023-03-20 00:14:00,3642548.0,3644278.0,3638232.0,3641155.0
2023-03-20 00:15:00,3640654.0,3646067.0,3639795.0,3644275.0
2023-03-20 00:16:00,3644275.0,3649161.0,3643079.0,3648426.0
2023-03-20 00:17:00,3648426.0,3653850.0,3648110.0,3649109.0
2023-03-20 00:18:00,3648804.0,3652632.0,3647164.0,3648952.0
2023-03-20 00:19:00,3649744.0,3650482.0,3647470.0,3648846.0
2023-03-20 00:20:00,3648240.0,3653233.0,3648135.0,3650798.0
2023-03-20 00:21:00,3651522.0,3651522.0,3648037.0,3648601.0
2023-03-20 00:22:00,3648601.0,3652612.0,3648272.0,3648272.0
2023-03-20 00:23:00,3649072.0,3649072.0,3637941.0,3637941.0
2023-03-20 00:24:00,3637559.0,3641058.0,3632400.0,3640579.0
2023-03-20 00:25:00,3640579.0,3642916.0,3637444.0,3639554.0
2023-03-20 00:26:00,3639565.0,3642110.0,3639003.0,3641509.0
2023-03-20 00:27:00,3643073.0,3646559.0,3641849.0,3644254.0
2023-03-20 00:28:00,3644039.0,3648812.0,3643387.0,3648251.0
2023-03-20 00:29:00,3648251.0,3648394.0,3643804.0,3646141.0
2023-03-20 00:30:00,3646141.0,3647611.0,3640568.0,3641506.0
2023-03-20 00:31:00,3641969.0,3651335.0,3640709.0,3651335.0
2023-03-20 00:32:00,3651335.0,3653500.0,3649152.0,3652360.0
2023-03-20 00:33:00,3652360.0,3656106.0,3652360.0,3654059.0
2023-03-20 00:34:00,3654059.0,3655895.0,3651577.0,3652854.0
2023-03-20 00:35:00,3652854.0,3656000.0,3651808.0,3652768.0
2023-03-20 00:36:00,3652700.0,3656565.0,3651959.0,3656565.0
2023-03-20 00:37:00,3656421.0,3660980.0,3653898.0,3655153.0
2023-03-20 00:38:00,3655153.0,3656450.0,3652204.0,3652204.0
2023-03-20 00:39:00,3652204.0,3652994.0,3646047.0,3648657.0
2023-03-20 00:40:00,3648658.0,3652148.0,3647718.0,3652148.0
2023-03-20 00:41:00,3651802.0,3651802.0,3643950.0,3647993.0
2023-03-20 00:42:00,3647905.0,3650036.0,3646723.0,3646723.0
2023-03-20 00:43:00,3646723.0,3646723.0,3641637.0,3644944.0
2023-03-20 00:44:00,3644128.0,3644917.0,3640477.0,3643911.0
2023-03-20 00:45:00,3643911.0,3649678.0,3642152.0,3648985.0
2023-03-20 00:46:00,3648985.0,3651926.0,3647351.0,3648533.0
2023-03-20 00:47:00,3647664.0,3649335.0,3645348.0,3647338.0
2023-03-20 00:48:00,3648177.0,3651663.0,3647413.0,3651559.0
2023-03-20 00:49:00,3651663.0,3657848.0,3651031.0,3654782.0
2023-03-20 00:50:00,3654782.0,3657229.0,3652554.0,3653520.0
2023-03-20 00:51:00,3653520.0,3657224.0,3651758.0,3656919.0
2023-03-20 00:52:00,3656483.0,3656483.0,3652835.0,3654545.0
2023-03-20 00:53:00,3654545.0,3656267.0,3652907.0,3652986.0
2023-03-20 00:54:00,3653649.0,3657834.0,3653036.0,3657187.0
2023-03-20 00:55:00,3657968.0,3660000.0,3656186.0,3657566.0
2023-03-20 00:56:00,3657602.0,3661659.0,3655811.0,3660020.0
2023-03-20 00:57:00,3659908.0,3679901.0,3655001.0,3658374.0
2023-03-20 00:58:00,3657175.0,3658964.0,3644903.0,3652660.0
2023-03-20 00:59:00,3652998.0,3664313.0,3652998.0,3655331.0
2023-03-20 01:00:00,3654490.0,3659656.0,3653000.0,3653000.0
2023-03-20 01:01:00,3652250.0,3655521.0,3645284.0,3649256.0
2023-03-20 01:02:00,3649230.0,3660290.0,3649161.0,3660290.0
2023-03-20 01:03:00,3660290.0,3666912.0,3656593.0,3666912.0
2023-03-20 01:04:00,3666273.0,3669377.0,3663022.0,3668393.0
2023-03-20 01:05:00,3668025.0,3671521.0,3662507.0,3664151.0
2023-03-20 01:06:00,3663004.0,3670355.0,3661769.0,3668919.0
2023-03-20 01:07:00,3668919.0,3668919.0,3665824.0,3667948.0
2023-03-20 01:08:00,3668135.0,3668135.0,3663310.0,3665358.0
2023-03-20 01:09:00,3665358.0,3665358.0,3657578.0,3658492.0
2023-03-20 01:10:00,3659039.0,3660609.0,3652816.0,3660413.0
2023-03-20 01:11:00,3660413.0,3664278.0,3657235.0,3657235.0
2023-03-20 01:12:00,3656884.0,3661194.0,3654796.0,3661194.0
2023-03-20 01:13:00,3661721.0,3662778.0,3660053.0,3660296.0
2023-03-20 01:14:00,3660297.0,3660586.0,3654686.0,3656344.0
2023-03-20 01:15:00,3656344.0,3659728.0,3653795.0,3655709.0
2023-03-20 01:16:00,3655974.0,3659904.0,3653739.0,3659274.0
2023-03-20 01:17:00,3659274.0,3660722.0,3655125.0,3660425.0
2023-03-20 01:18:00,3660425.0,3666850.0,3660290.0,3666207.0
2023-03-20 01:19:00,3666693.0,3670000.0,3665839.0,3668342.0
2023-03-20 01:20:00,3668342.0,3669529.0,3663118.0,3663241.0
2023-03-20 01:21:00,3663106.0,3667549.0,3661829.0,3666802.0
2023-03-20 01:22:00,3666629.0,3669328.0,3665645.0,3667311.0
2023-03-20 01:23:00,3667311.0,3669660.0,3665166.0,3668540.0
2023-03-20 01:24:00,3668540.0,3670456.0,3666436.0,3668840.0
2023-03-20 01:25:00,3668410.0,3671161.0,3667669.0,3668766.0
2023-03-20 01:26:00,3668766.0,3669386.0,3665636.0,3667872.0
2023-03-20 01:27:00,3667872.0,3667872.0,3661634.0,3663994.0
2023-03-20 01:28:00,3663994.0,3667733.0,3663544.0,3665380.0
2023-03-20 01:29:00,3665380.0,3666000.0,3663510.0,3666000.0
2023-03-20 01:30:00,3666657.0,3667680.0,3662413.0,3662413.0
2023-03-20 01:31:00,3662413.0,3665000.0,3661300.0,3663872.0
2023-03-20 01:32:00,3664051.0,3678492.0,3664051.0,3674764.0
2023-03-20 01:33:00,3674756.0,3695074.0,3670903.0,3695074.0
2023-03-20 01:34:00,3697427.0,3708465.0,3690846.0,3694510.0
2023-03-20 01:35:00,3696566.0,3703005.0,3690433.0,3693713.0
2023-03-20 01:36:00,3695000.0,3702893.0,3691925.0,3701981.0
2023-03-20 01:37:00,3699333.0,3708762.0,3698264.0,3708209.0
2023-03-20 01:38:00,3707852.0,3716280.0,3702894.0,3703250.0
2023-03-20 01:39:00,3704977.0,3707009.0,3698098.0,3702968.0
2023-03-20 01:40:00,3703520.0,3709054.0,3702505.0,3707717.0
2023-03-20 01:41:00,3707717.0,3716286.0,3707435.0,3713286.0
2023-03-20 01:42:00,3712539.0,3717178.0,3705453.0,3716463.0
2023-03-20 01:43:00,3717585.0,3717874.0,3712000.0,3715863.0
2023-03-20 01:44:00,3715870.0,3715870.0,3710795.0,3712668.0
2023-03-20 01:45:00,3713997.0,3714627.0,3705556.0,3708367.0
2023-03-20 01:46:00,3708244.0,3709968.0,3704115.0,3706672.0
2023-03-20 01:47:00,3706672.0,3716388.0,3706608.0,3716388.0
2023-03-20 01:48:00,3716388.0,3736361.0,3715000.0,3730321.0
2023-03-20 01:49:00,3728888.0,3732490.0,3723346.0,3732088.0
2023-03-20 01:50:00,3732088.0,3735389.0,3725717.0,3735384.0
2023-03-20 01:51:00,3736075.0,3742549.0,3730783.0,3733651.0
2023-03-20 01:52:00,3733762.0,3736106.0,3730454.0,3731819.0
2023-03-20 01:53:00,3731819.0,3733877.0,3722827.0,3725934.0
2023-03-20 01:54:00,3725810.0,3727451.0,3716169.0,3718355.0
2023-03-20 01:55:00,3718355.0,3721904.0,3716758.0,3719977.0
2023-03-20 01:56:00,3719977.0,3725991.0,3719977.0,3723935.0
2023-03-20 01:57:00,3723935.0,3724699.0,3709129.0,3711367.0
2023-03-20 01:58:00,3711364.0,3714037.0,3698877.0,3700613.0
2023-03-20 01:59:00,3701412.0,3706501.0,3699795.0,3704187.0
2023-03-20 02:00:00,3705143.0,3709513.0,3692879.0,3695992.0
2023-03-20 02:01:00,3693946.0,3699699.0,3679211.0,3686988.0
2023-03-20 02:02:00,3687000.0,3694035.0,3680800.0,3693529.0
2023-03-20 02:03:00,3693529.0,3701613.0,3693305.0,3698870.0
2023-03-20 02:04:00,3699486.0,3701359.0,3696255.0,3698350.0
2023-03-20 02:05:00,3698249.0,3700176.0,3694352.0,3695063.0
2023-03-20 02:06:00,3695063.0,3699399.0,3690555.0,3698148.0
2023-03-20 02:07:00,3697536.0,3709714.0,3695000.0,3707050.0
2023-03-20 02:08:00,3707608.0,3718163.0,3707608.0,3713697.0
2023-03-20 02:09:00,3713697.0,3713697.0,3707513.0,3709229.0
2023-03-20 02:10:00,3709358.0,3717590.0,3709358.0,3714320.0
2023-03-20 02:11:00,3714206.0,3720984.0,3712678.0,3713675.0
2023-03-20 02:12:00,3713675.0,3714374.0,3707561.0,3714374.0
2023-03-20 02:13:00,3714014.0,3714147.0,3709541.0,3712304.0
2023-03-20 02:14:00,3712735.0,3717653.0,3710584.0,3710905.0
2023-03-20 02:15:00,3711179.0,3716757.0,3711179.0,3712957.0
2023-03-20 02:16:00,3712957.0,3716369.0,3712863.0,3714303.0
2023-03-20 02:17:00,3714303.0,3714303.0,3704689.0,3705542.0
2023-03-20 02:18:00,3703945.0,3708840.0,3703670.0,3708840.0
2023-03-20 02:19:00,3708840.0,3714943.0,3707709.0,3713778.0
2023-03-20 02:20:00,3713778.0,3714786.0,3706234.0,3706922.0
2023-03-20 02:21:00,3706531.0,3709856.0,3704707.0,3709716.0
2023-03-20 02:22:00,3709716.0,3710761.0,3702807.0,3703668.0
2023-03-20 02:23:00,3701613.0,3705167.0,3699537.0,3704065.0
2023-03-20 02:24:00,3703491.0,3706108.0,3701489.0,3704577.0
2023-03-20 02:25:00,3704577.0,3705962.0,3702452.0,3704582.0
2023-03-20 02:26:00,3703870.0,3704792.0,3699080.0,3702520.0
2023-03-20 02:27:00,3701732.0,3704941.0,3700789.0,3702025.0
2023-03-20 02:28:00,3702025.0,3704071.0,3695593.0,3695593.0
2023-03-20 02:29:00,3696534.0,3702896.0,3696228.0,3701645.0
2023-03-20 02:30:00,3701645.0,3703010.0,3698156.0,3698498.0
2023-03-20 02:31:00,3698498.0,3698498.0,3693403.0,3697896.0
2023-03-20 02:32:00,3697896.0,3701261.0,3697785.0,3700508.0
2023-03-20 02:33:00,3700508.0,3704200.0,3698911.0,3702174.0
2023-03-20 02:34:00,3703009.0,3707634.0,3702909.0,3706502.0
2023-03-20 02:35:00,3706502.0,3710327.0,3705086.0,3710327.0
2023-03-20 02:36:00,3710485.0,3713413.0,3710141.0,3712270.0
2023-03-20 02:37:00,3712271.0,3714696.0,3712112.0,3712959.0
2023-03-20 02:38:00,3712959.0,3715085.0,3709866.0,3713789.0
2023-03-20 02:39:00,3713789.0,3716085.0,3711727.0,3716085.0
2023-03-20 02:40:00,3717463.0,3717463.0,3712998.0,3713247.0
2023-03-20 02:41:00,3713859.0,3716938.0,3712170.0,3716475.0
2023-03-20 02:42:00,3717927.0,3718067.0,3712979.0,3712979.0
2023-03-20 02:43:00,3712979.0,3716444.0,3712979.0,3714981.0
2023-03-20 02:44:00,3714865.0,3716791.0,3714779.0,3715237.0
2023-03-20 02:45:00,3716098.0,3722435.0,3712560.0,3717638.0
2023-03-20 02:46:00,3717480.0,3722853.0,3717480.0,3718761.0
2023-03-20 02:47:00,3718377.0,3718377.0,3710423.0,3713412.0
2023-03-20 02:48:00,3713412.0,3714787.0,3710812.0,3712206.0
2023-03-20 02:49:00,3712206.0,3712206.0,3704660.0,3704660.0
2023-03-20 02:50:00,3705966.0,3708818.0,3705088.0,3708244.0
2023-03-20 02:51:00,3708244.0,3709971.0,3705152.0,3705671.0
2023-03-20 02:52:00,3705671.0,3708428.0,3703613.0,3707814.0
2023-03-20 02:53:00,3708309.0,3710791.0,3706403.0,3707121.0
2023-03-20 02:54:00,3706484.0,3708642.0,3704528.0,3708642.0
2023-03-20 02:55:00,3709603.0,3709787.0,3704792.0,3706408.0
2023-03-20 02:56:00,3706412.0,3707549.0,3704435.0,3704776.0
2023-03-20 02:57:00,3704776.0,3707691.0,3704776.0,3706909.0
2023-03-20 02:58:00,3706909.0,3708466.0,3703223.0,3706451.0
2023-03-20 02:59:00,3706451.0,3706451.0,3702761.0,3704370.0
2023-03-20 03:00:00,3704370.0,3709315.0,3701920.0,3708866.0
2023-03-20 03:01:00,3708866.0,3710389.0,3700000.0,3700827.0
2023-03-20 03:02:00,3700827.0,3703027.0,3697515.0,3701245.0
2023-03-20 03:03:00,3701245.0,3706628.0,3700717.0,3705709.0
2023-03-20 03:04:00,3705807.0,3707999.0,3705165.0,3706219.0
2023-03-20 03:05:00,3706219.0,3706916.0,3703973.0,3703973.0
2023-03-20 03:06:00,3704496.0,3704881.0,3701049.0,3704104.0
2023-03-20 03:07:00,3704104.0,3710889.0,3703787.0,3708348.0
2023-03-20 03:08:00,3707856.0,3712483.0,3707813.0,3711820.0
2023-03-20 03:09:00,3712285.0,3715228.0,3707758.0,3709315.0
2023-03-20 03:10:00,3708943.0,3711369.0,3707336.0,3709137.0
2023-03-20 03:11:00,3709137.0,3709137.0,3704006.0,3704167.0
2023-03-20 03:12:00,3704167.0,3705588.0,3703191.0,3704137.0
2023-03-20 03:13:00,3704137.0,3707289.0,3703737.0,3705225.0
2023-03-20 03:14:00,3705225.0,3706235.0,3704554.0,3705518.0
2023-03-20 03:15:00,3705518.0,3707037.0,3702391.0,3705554.0
2023-03-20 03:16:00,3706034.0,3706355.0,3701982.0,3701982.0
2023-03-20 03:17:00,3702134.0,3704659.0,3702134.0,3704659.0
2023-03-20 03:18:00,3704659.0,3707295.0,3704190.0,3706157.0
2023-03-20 03:19:00,3706157.0,3713157.0,3706157.0,3712389.0
2023-03-20 03:20:00,3712389.0,3714183.0,3711107.0,3712172.0
2023-03-20 03:21:00,3712172.0,3716631.0,3712172.0,3715026.0
2023-03-20 03:22:00,3715935.0,3715935.0,3712988.0,3714615.0
2023-03-20 03:23:00,3714615.0,3717077.0,3713538.0,3715919.0
2023-03-20 03:24:00,3715919.0,3716005.0,3713577.0,3716005.0
2023-03-20 03:25:00,3716005.0,3716458.0,3713997.0,3713997.0
2023-03-20 03:26:00,3713997.0,3719787.0,3713418.0,3718827.0
2023-03-20 03:27:00,3718903.0,3719711.0,3717611.0,3718682.0
2023-03-20 03:28:00,3718973.0,3719193.0,3717032.0,3718726.0
2023-03-20 03:29:00,3718726.0,3722663.0,3714933.0,3715865.0
2023-03-20 03:30:00,3715865.0,3718995.0,3714432.0,3718995.0
2023-03-20 03:31:00,3718476.0,3718953.0,3713912.0,3714173.0
2023-03-20 03:32:00,3714173.0,3720599.0,3714028.0,3718177.0
2023-03-20 03:33:00,3718919.0,3721458.0,3718196.0,3721458.0
2023-03-20 03:34:00,3721458.0,3726089.0,3721458.0,3725312.0
2023-03-20 03:35:00,3725540.0,3725800.0,3720741.0,3724642.0
2023-03-20 03:36:00,3724338.0,3731912.0,3721827.0,3728000.0
2023-03-20 03:37:00,3727890.0,3728483.0,3724170.0,3725474.0
2023-03-20 03:38:00,3725474.0,3728992.0,3724072.0,3728992.0
2023-03-20 03:39:00,3728992.0,3731574.0,3724415.0,3729442.0
2023-03-20 03:40:00,3729442.0,3735716.0,3725652.0,3733541.0
2023-03-20 03:41:00,3733541.0,3747124.0,3732479.0,3741025.0
2023-03-20 03:42:00,3740128.0,3745289.0,3736548.0,3738393.0
2023-03-20 03:43:00,3738393.0,3738393.0,3731090.0,3731427.0
2023-03-20 03:44:00,3731413.0,3738195.0,3731247.0,3736341.0
2023-03-20 03:45:00,3736341.0,3739868.0,3734548.0,3736687.0
2023-03-20 03:46:00,3736687.0,3739899.0,3735894.0,3739899.0
2023-03-20 03:47:00,3739066.0,3741747.0,3736755.0,3740822.0
2023-03-20 03:48:00,3739782.0,3740496.0,3736151.0,3737866.0
2023-03-20 03:49:00,3738386.0,3738386.0,3730319.0,3731575.0
2023-03-20 03:50:00,3731621.0,3735914.0,3731019.0,3735914.0
2023-03-20 03:51:00,3735800.0,3739775.0,3735800.0,3739511.0
2023-03-20 03:52:00,3739448.0,3744459.0,3739448.0,3739912.0
2023-03-20 03:53:00,3739962.0,3743198.0,3739432.0,3740390.0
2023-03-20 03:54:00,3740142.0,3742978.0,3740142.0,3742288.0
2023-03-20 03:55:00,3742288.0,3743651.0,3739064.0,3740950.0
2023-03-20 03:56:00,3739995.0,3742018.0,3737935.0,3739933.0
2023-03-20 03:57:00,3740177.0,3742093.0,3739666.0,3740919.0
2023-03-20 03:58:00,3741365.0,3758957.0,3740744.0,3755756.0
2023-03-20 03:59:00,3755217.0,3760888.0,3742870.0,3760888.0
2023-03-20 04:00:00,3760309.0,3761700.0,3758811.0,3758811.0


2023-03-23 09:34:00,3752592.0,3755269.0,3752000.0,3752463.0
2023-03-23 09:35:00,3752463.0,3754000.0,3752000.0,3752828.0
2023-03-23 09:36:00,3752916.0,3754000.0,3750275.0,3750875.0
2023-03-23 09:37:00,3750875.0,3753717.0,3750481.0,3752478.0
2023-03-23 09:38:00,3752478.0,3754000.0,3751455.0,3753550.0
2023-03-23 09:39:00,3753550.0,3765720.0,3752892.0,3765720.0
2023-03-23 09:40:00,3767607.0,3779168.0,3767607.0,3779167.0
2023-03-23 09:41:00,3779670.0,3783438.0,3777492.0,3782248.0
2023-03-23 09:42:00,3782248.0,3833050.0,3782248.0,3825181.0
2023-03-23 09:43:00,3825181.0,3829999.0,3775000.0,3775426.0
2023-03-23 09:44:00,3777632.0,3780436.0,3748502.0,3753499.0
2023-03-23 09:45:00,3752375.0,3785000.0,3752328.0,3783857.0
2023-03-23 09:46:00,3782425.0,3785565.0,3782363.0,3783134.0
2023-03-23 09:47:00,3783134.0,3784668.0,3781429.0,3781429.0
2023-03-23 09:48:00,3781606.0,3782000.0,3779284.0,3781185.0
2023-03-23 09:49:00,3781185.0,3783369.0,3777179.0,3779028.0
2023-03-23 09:50:00,3779028.0,3779061.0,3773435.0,3773435.0
2023-03-23 09:51:00,3773435.0,3773563.0,3762956.0,3762956.0
2023-03-23 09:52:00,3762956.0,3763002.0,3750000.0,3750000.0
2023-03-23 09:53:00,3750000.0,3751221.0,3746860.0,3746860.0
2023-03-23 09:54:00,3749002.0,3753847.0,3746033.0,3753740.0
2023-03-23 09:55:00,3753740.0,3760222.0,3753740.0,3760222.0
2023-03-23 09:56:00,3760222.0,3760222.0,3756239.0,3756239.0
2023-03-23 09:57:00,3756239.0,3757457.0,3754267.0,3755368.0
2023-03-23 09:58:00,3755366.0,3755370.0,3752194.0,3753382.0
2023-03-23 09:59:00,3753382.0,3753382.0,3751739.0,3753340.0
2023-03-23 10:00:00,3752419.0,3760824.0,3752419.0,3758727.0
2023-03-23 10:01:00,3758727.0,3760223.0,3757736.0,3760223.0
2023-03-23 10:02:00,3760223.0,3781999.0,3760223.0,3781999.0
2023-03-23 10:03:00,3781999.0,3782000.0,3779454.0,3779586.0
2023-03-23 10:04:00,3779586.0,3779586.0,3768646.0,3768646.0
2023-03-23 10:05:00,3768147.0,3768147.0,3758088.0,3758088.0
2023-03-23 10:06:00,3758088.0,3760000.0,3757021.0,3757022.0
2023-03-23 10:07:00,3757215.0,3757215.0,3751306.0,3753263.0
2023-03-23 10:08:00,3753263.0,3753263.0,3748121.0,3749233.0
2023-03-23 10:09:00,3749122.0,3749523.0,3745041.0,3745458.0
2023-03-23 10:10:00,3745458.0,3750000.0,3741811.0,3747003.0
2023-03-23 10:11:00,3747003.0,3755094.0,3746999.0,3755075.0
2023-03-23 10:12:00,3755000.0,3755544.0,3752831.0,3755544.0
2023-03-23 10:13:00,3755018.0,3756021.0,3753544.0,3753544.0
2023-03-23 10:14:00,3753544.0,3754547.0,3751725.0,3752365.0
2023-03-23 10:15:00,3750120.0,3761316.0,3750000.0,3761274.0
2023-03-23 10:16:00,3761274.0,3764339.0,3760968.0,3762531.0
2023-03-23 10:17:00,3762500.0,3772138.0,3762357.0,3771288.0
2023-03-23 10:18:00,3771288.0,3772569.0,3769718.0,3771717.0
2023-03-23 10:19:00,3771717.0,3771925.0,3762074.0,3762074.0
2023-03-23 10:20:00,3762074.0,3762854.0,3760293.0,3760294.0
2023-03-23 10:21:00,3761921.0,3769317.0,3760293.0,3769051.0
2023-03-23 10:22:00,3769051.0,3769920.0,3767385.0,3769920.0
2023-03-23 10:23:00,3769920.0,3783000.0,3768746.0,3782600.0
2023-03-23 10:24:00,3782600.0,3782610.0,3780000.0,3780000.0
2023-03-23 10:25:00,3780000.0,3780136.0,3774935.0,3775320.0
2023-03-23 10:26:00,3775320.0,3775320.0,3771677.0,3773057.0
2023-03-23 10:27:00,3773057.0,3773238.0,3771112.0,3772238.0
2023-03-23 10:28:00,3772238.0,3772238.0,3767000.0,3767000.0
2023-03-23 10:29:00,3767000.0,3768275.0,3766600.0,3767259.0
2023-03-23 10:30:00,3767259.0,3771247.0,3767259.0,3770977.0
2023-03-23 10:31:00,3770977.0,3770977.0,3769401.0,3769829.0
2023-03-23 10:32:00,3770118.0,3770356.0,3767713.0,3767993.0
2023-03-23 10:33:00,3767993.0,3771194.0,3767150.0,3770947.0
2023-03-23 10:34:00,3770947.0,3771247.0,3767033.0,3769300.0
2023-03-23 10:35:00,3769300.0,3769300.0,3762974.0,3762974.0
2023-03-23 10:36:00,3762056.0,3764156.0,3760990.0,3763669.0
2023-03-23 10:53:00,3751982.0,3752241.0,3750673.0,3751814.0
2023-03-23 10:54:00,3751755.0,3752549.0,3749738.0,3750452.0
2023-03-23 10:55:00,3751262.0,3753611.0,3750452.0,3753217.0
2023-03-23 10:56:00,3753742.0,3753783.0,3745639,3749018.0
2023-03-23 10:57:00,3749018.0,3750032.0,3745765.0,3750025.0
2023-03-23 10:58:00,3750084.0,3753209.0,3749568.0,3752543.0
2023-03-23 10:59:00,3752491.0,3752564.0,3745766.0,3746750.0
2023-03-23 11:00:00,3746750.0,3747206.0,3744878.0,3746742.0
2023-03-23 11:01:00,3746737.0,3749479.0,3745852.0,3748843.0
2023-03-23 11:02:00,3749039.0,3751593.0,3747853.0,3751593.0
2023-03-23 11:03:00,3751305.0,3754344.0,3751093.0,3753716.0
2023-03-23 11:04:00,3753056.0,3754012.0,3751125.0,3752222.0
2023-03-23 11:05:00,3751168.0,3754055.0,3750751.0,3754055.0
2023-03-23 11:06:00,3753992.0,3755284.0,3753992.0,3755279.0
2023-03-23 11:07:00,3755279.0,3755279.0,3753010.0,3753242.0
2023-03-23 11:08:00,3754196.0,3756609.0,3753374.0,3755473.0
2023-03-23 11:09:00,3755365.0,3755571.0,3752355,3755291.0
2023-03-23 11:10:00,3754245.0,3757128.0,3754245.0,3755015.0
2023-03-23 11:11:00,3755793.0,3756032.0,3753546.0,3753546.0
2023-03-23 11:12:00,3753708.0,3756654.0,3753421.0,3756654.0
2023-03-23 11:13:00,3756672.0,3758365.0,3754493.0,3755500.0
2023-03-23 11:14:00,3755482.0,3756833.0,3754783.0,3755499.0
2023-03-23 11:15:00,3755683.0,3756356.0,3753992.0,3754591.0
2023-03-23 11:16:00,3754894.0,3756479,3753687.0,3756003.0
2023-03-23 11:17:00,3756042.0,3756507.0,3755283.0,3756284.0
2023-03-23 11:18:00,3756507.0,3758999.0,3755011.0,3758433.0
2023-03-23 11:19:00,3758434.0,3759604.0,3758066.0,3759603.0
2023-03-23 11:20:00,3759603.0,3762515.0,3758253,3761330.0


2023-03-23 11:21:00,3759487.0,3759487.0,3758321.0,3758996.0
2023-03-23 11:22:00,3758212.0,3759468.0,3758000.0,3759080.0
2023-03-23 11:23:00,3759079.0,3759223.0,3755607.0,3755607.0
2023-03-23 11:24:00,3756534.0,3758929.0,3756534.0,3757305.0
2023-03-23 11:25:00,3757255.0,3757773.0,3756150.0,3756150.0
2023-03-23 11:26:00,3756291.0,3757269.0,3755572.0,3755970.0
2023-03-23 11:27:00,3756660.0,3760887.0,3756660.0,3757287.0
2023-03-23 11:28:00,3757925.0,3760825.0,3757925.0,3760825.0
2023-03-23 11:29:00,3760848,3762121,3760076.0,3761373.0
2023-03-23 11:30:00,3760078.0,3761002.0,3758208.0,3758210.0
2023-03-23 11:31:00,3758209.0,3759128.0,3755397.0,3756946.0
2023-03-23 11:32:00,3757227.0,3760797.0,3756694.0,3759990.0
2023-03-23 11:33:00,3759940.0,3762717.0,3759806.0,3760297.0
2023-03-23 11:34:00,3759995.0,3761438.0,3759483.0,3761188.0
2023-03-23 11:35:00,3760925.0,3763000.0,3760924.0,3763000.0
2023-03-23 11:36:00,3762927.0,3763000.0,3761533.0,3762346.0
2023-03-23 11:37:00,3762551.0,3763000.0,3760000.0,3762130.0
2023-03-23 11:38:00,3762454.0,3762454.0,3760000.0,3761331.0
2023-03-23 11:39:00,3761179.0,3763000.0,3761179.0,3761407.0
2023-03-23 11:40:00,3762550.0,3763000.0,3760500.0,3760500.0
2023-03-23 11:41:00,3762041.0,3764966.0,3759514.0,3760406.0
2023-03-23 11:42:00,3760211.0,3761449.0,3759390.0,3761449.0
2023-03-23 11:43:00,3760655.0,3762661.0,3760284.0,3761822.0
2023-03-23 11:44:00,3762632.0,3764000,3760964.0,3760964.0
2023-03-23 11:45:00,3760964.0,3762295.0,3760204.0,3762295.0
2023-03-23 11:46:00,3762772.0,3765897.0,3761383.0,3765188.0
2023-03-23 11:47:00,3765202.0,3770801.0,3765188.0,3769874.0
2023-03-23 11:48:00,3770576.0,3773021.0,3769888.0,3773021.0
2023-03-23 11:49:00,3773021.0,3775700.0,3769874.0,3774095.0
2023-03-23 11:50:00,3775700.0,3776595.0,3774490.0,3774625.0
2023-03-23 11:51:00,3774770.0,3776062.0,3773453.0,3774741.0
2023-03-23 11:52:00,3776200.0,3778778.0,3774366.0,3778584.0
2023-03-23 11:53:00,3778625.0,3780000.0,3778122.0,3779978.0
2023-03-23 11:54:00,3779978.0,3780000.0,3779587.0,3780000.0
2023-03-23 11:55:00,3780000.0,3780158.0,3779317.0,3779318.0
2023-03-23 11:56:00,3779317.0,3780902.0,3779317.0,3779999.0
2023-03-23 11:57:00,3779999.0,3781430.0,3779962.0,3781025.0
2023-03-23 11:58:00,3781025.0,3781175.0,3781025.0,3781025.0
2023-03-23 11:59:00,3781025.0,3781418.0,3780086.0,3781418.0
2023-03-23 12:00:00,3781654.0,3784536.0,3781654.0,3784493.0
2023-03-23 12:01:00,3784494.0,3785271.0,3784493.0,3785181.0
