2023-03-23 16:15:00,3839851.0,3841919.0,3839754.0,3841919.0,0.29700000000000004
2023-03-23 16:16:00,3841779.0,3841779.0,3839000,3840910.0,0.7020000000000002
2023-03-23 16:17:00,3840134.0,3840136.0,3837950.0,3837950.0,0.7400000000000001
2023-03-23 16:18:00,3837954.0,3837954.0,3832593.0,3832595.0,7.60207850999999
2023-03-23 16:19:00,3832596.0,3835137.0,3832502.0,3835137.0,4.405195409999994
2023-03-23 16:20:00,3832930.0,3832930.0,3832504.0,3832643.0,1.5620000000000005
2023-03-23 16:21:00,3832643.0,3832900.0,3832499.0,3832500.0,1.6500324700000006
2023-03-23 16:22:00,3832500.0,3832920.0,3832499.0,3832500.0,4.3576910999999905
2023-03-23 16:23:00,3832500.0,3832901.0,3828125.0,3828125.0,4.57300302999999
2023-03-23 16:24:00,3828125.0,3828600.0,3827269.0,3827270.0,3.881638549999995
2023-03-23 16:25:00,3827270.0,3828964.0,3827000.0,3828964.0,0.5700000000000002
2023-03-23 16:26:00,3828964.0,3830423.0,3828859.0,3829544.0,0.8720000000000002
2023-03-23 16:27:00,3829554.0,3831251.0,3829554.0,3830832.0,0.45000000000000007
2023-03-23 16:28:00,3830478.0,3831296.0,3830478.0,3831296.0,2.055
2023-03-23 16:29:00,3831296.0,3831296.0,3831095.0,3831111.0,0.6300000000000001
2023-03-23 16:30:00,3831113.0,3831113.0,3827994.0,3829315.0,1.0979585600000001
2023-03-23 16:31:00,3829733.0,3833965.0,3829733.0,3832929.0,1.3124314400000006
2023-03-23 16:32:00,3833965.0,3835223.0,3831074.0,3834736.0,2.7406593399999992
2023-03-23 16:33:00,3834736.0,3834736.0,3830222.0,3832660.0,2.796970089999996
2023-03-23 16:34:00,3832661.0,3833973.0,3831026.0,3833973.0,0.24700000000000008
2023-03-23 16:35:00,3833983.0,3834085.0,3831331,3832300.0,1.6192172900000004
2023-03-23 16:36:00,3832869.0,3833730.0,3832869.0,3832915.0,0.20200000000000007
2023-03-23 16:37:00,3832917.0,3835743.0,3832869.0,3835561.0,0.5797261800000002
2023-03-23 16:38:00,3835743.0,3841521.0,3835743.0,3840993.0,2.4919999999999987
2023-03-23 16:39:00,3841107.0,3842993.0,3841049.0,3842276.0,0.7849000000000002
2023-03-23 16:40:00,3841976.0,3846650.0,3841973.0,3843091.0,3.7370718899999966
2023-03-23 16:41:00,3843240.0,3845753.0,3843240.0,3844500.0,0.9505642500000003
2023-03-23 16:42:00,3844500.0,3844500.0,3843901.0,3844500.0,1.6708137000000003
2023-03-23 16:43:00,3844502.0,3845013,3843905,3844359.0,0.6684357500000002
2023-03-23 16:44:00,3844359.0,3845815.0,3844027.0,3845815.0,4.719999999999997
2023-03-23 16:45:00,3845815.0,3846650.0,3844726.0,3845012.0,0.5200000000000001
2023-03-23 16:46:00,3846325.0,3847447.0,3845406.0,3845798.0,0.7920000000000003
2023-03-23 16:47:00,3846662.0,3846662.0,3845793.0,3845797.0,0.36000000000000015
2023-03-23 16:48:00,3845797.0,3845797.0,3841132.0,3843944.0,2.4391371199999994
2023-03-23 16:49:00,3843944.0,3844162.0,3843092.0,3843951.0,0.4550000000000002
2023-03-23 16:50:00,3843951.0,3844162.0,3843944.0,3843950.0,0.5800000000000002
2023-03-23 16:51:00,3843950.0,3844451.0,3843950.0,3843961.0,0.5200000000000001
2023-03-23 16:52:00,3844069.0,3844069.0,3843963.0,3844069.0,0.4180805600000002
2023-03-23 16:53:00,3844069.0,3844069.0,3842336.0,3844048.0,0.9580000000000005
2023-03-23 16:54:00,3844038.0,3844681.0,3842424.0,3844359.0,2.998041809999997
2023-03-23 16:55:00,3844362.0,3844362.0,3844265.0,3844352.0,1.3330000000000002
2023-03-23 16:56:00,3844352.0,3845797.0,3844352.0,3845797.0,3.204
2023-03-23 16:57:00,3845804.0,3847730.0,3845804.0,3846669.0,1.57086735
2023-03-23 16:58:00,3846670.0,3850329.0,3846666.0,3850329.0,6.310933539999988
2023-03-23 16:59:00,3850329.0,3850330.0,3845978.0,3848592.0,1.6150603200000009
2023-03-23 17:00:00,3848845.0,3851999.0,3846086.0,3847569.0,4.743484539999988
2023-03-23 17:01:00,3848758.0,3851342.0,3846736.0,3846836.0,0.9900000000000003
2023-03-23 17:02:00,3849477.0,3851012.0,3847691.0,3850722.0,1.2920000000000005
2023-03-23 17:03:00,3850725.0,3855550.0,3850720.0,3855160.0,4.092933539999995
2023-03-23 17:04:00,3855366.0,3860552.0,3855160,3857182.0,5.507607169999982
2023-03-23 17:05:00,3857182.0,3860551.0,3854586.0,3856553.0,2.373999999999998
2023-03-23 17:06:00,3857517.0,3861091.0,3834500.0,3835304.0,13.444826669999975
2023-03-23 17:07:00,3835303.0,3838488.0,3833427.0,3833439.0,11.738988029999982
2023-03-23 17:08:00,3833435.0,3836007.0,3832990.0,3833434.0,4.903032709999997
2023-03-23 17:09:00,3833433.0,3838488.0,3832990.0,3837807.0,13.55195896999999
2023-03-23 17:10:00,3838488.0,3839213.0,3833572.0,3833947.0,6.002086239999991
2023-03-23 17:11:00,3833947.0,3838964.0,3833947.0,3838923.0,12.056640129999996
2023-03-23 17:12:00,3838934.0,3840596.0,3830049.0,3830049.0,9.659797309999986
2023-03-23 17:13:00,3830050.0,3830050.0,3827250.0,3827252.0,5.862165839999988
2023-03-23 17:14:00,3827252.0,3827707.0,3825561.0,3825562.0,10.214686709999974
2023-03-23 17:15:00,3825562.0,3827455.0,3825561.0,3826692.0,2.5033999899999997
2023-03-23 17:16:00,3827847.0,3828899.0,3825561.0,3825570.0,1.9423881400000005
2023-03-23 17:17:00,3825609.0,3825609.0,3823137.0,3823420.0,4.056941419999995
2023-03-23 17:18:00,3823419.0,3824898.0,3823142.0,3823527.0,3.2328783099999936
2023-03-23 17:19:00,3823527.0,3825561.0,3823352.0,3825150.0,4.2857075099999955
2023-03-23 17:20:00,3825150.0,3825965.0,3823565.0,3823885.0,3.622103309999989
2023-03-23 17:21:00,3823884.0,3827198.0,3823634.0,3824908.0,2.8541475899999944
2023-03-23 17:22:00,3824908.0,3829706.0,3824908.0,3828489.0,6.115609889999988
2023-03-23 17:23:00,3828489.0,3828771.0,3824892.0,3824893.0,4.671254929999994
2023-03-23 17:24:00,3824892.0,3825561.0,3824892.0,3825028.0,1.6831141900000006
2023-03-23 17:25:00,3825028.0,3830394.0,3824922.0,3827180.0,4.106178179999994
2023-03-23 17:26:00,3827187.0,3829620.0,3827048.0,3827048.0,1.1022156200000004
2023-03-23 17:27:00,3827879.0,3830596.0,3827196.0,3828651.0,3.7095247999999987
2023-03-23 17:28:00,3828652.0,3831596.0,3828199.0,3831114.0,3.5905504299999955
2023-03-23 17:29:00,3831513.0,3832421.0,3830378.0,3830888.0,1.8191446600000003
2023-03-23 17:30:00,3830888.0,3832275.0,3830381.0,3832062.0,2.3120466900000003
2023-03-23 17:31:00,3832061.0,3832061.0,3828888.0,3829530.0,2.1311310199999998
2023-03-23 17:32:00,3829529.0,3830988.0,3829350.0,3829897.0,0.7980000000000002
2023-03-23 17:33:00,3829908.0,3829908.0,3827753.0,3828117.0,0.9510000000000004
2023-03-23 17:34:00,3828117.0,3828891.0,3828012.0,3828018.0,0.24000000000000007
2023-03-23 17:35:00,3828022.0,3828891.0,3828018.0,3828502.0,0.9321749700000003
2023-03-23 17:36:00,3828504.0,3828891.0,3828031.0,3828819.0,0.5666602200000003
2023-03-23 17:37:00,3828891.0,3831894.0,3828821.0,3829447.0,0.7780000000000001
2023-03-23 17:38:00,3829450.0,3830557.0,3829450.0,3829880.0,0.3966179100000002
2023-03-23 17:39:00,3829881.0,3829881.0,3829646.0,3829656.0,0.3000000000000001
2023-03-23 17:40:00,3829655.0,3829881.0,3829655.0,3829881.0,0.18999999999999997
2023-03-23 17:41:00,3829680.0,3832045.0,3829553.0,3831515.0,1.2683820900000005
2023-03-23 17:42:00,3830304.0,3833160.0,3830292.0,3833160.0,0.6198295900000003
2023-03-23 17:43:00,3833160.0,3833160.0,3831457.0,3831901.0,0.19300000000000006
2023-03-23 17:44:00,3831902.0,3833460.0,3831528.0,3833314.0,1.51221176
2023-03-23 17:45:00,3833460.0,3850000.0,3833317.0,3845484.0,5.408530019999987
2023-03-23 17:46:00,3845484.0,3848303.0,3833987.0,3836269.0,4.185027829999995
2023-03-23 17:47:00,3836270.0,3840101.0,3834589.0,3837064.0,0.4156000000000002
2023-03-23 17:48:00,3837066.0,3840860.0,3837065.0,3840009.0,0.4720000000000002
2023-03-23 17:49:00,3840009.0,3841796.0,3840000.0,3841796.0,0.93
2023-03-23 17:50:00,3841786.0,3841939.0,3840442.0,3841504.0,0.4920000000000002
2023-03-23 17:51:00,3841508.0,3842210.0,3841508.0,3841532.0,0.12999999999999998
2023-03-23 17:52:00,3841544.0,3842210.0,3840000.0,3840000.0,0.5111907900000001
2023-03-23 17:53:00,3838896.0,3839683.0,3832800.0,3836617.0,2.8119999999999985
2023-03-23 17:54:00,3836617.0,3837753.0,3835345.0,3837738.0,0.15000000000000002
2023-03-23 17:55:00,3836839.0,3837738.0,3834294.0,3837738.0,0.6100000000000001
2023-03-23 17:56:00,3839000.0,3840624.0,3836398,3837316.0,0.5780000000000003
2023-03-23 17:57:00,3839022.0,3840897.0,3836398.0,3838315.0,0.28010000000000007
2023-03-23 17:58:00,3838320.0,3839403.0,3835061,3835083.0,1.1470000000000002
2023-03-23 17:59:00,3835066.0,3839071.0,3835063.0,3839071.0,0.3868000000000001
2023-03-23 18:00:00,3839071.0,3840974.0,3835682.0,3839709.0,1.4520000000000008
2023-03-23 18:01:00,3837822,3839698.0,3835682,3837440.0,0.8352380000000004
2023-03-23 18:02:00,3838181.0,3838205.0,3837130.0,3837130.0,0.3114308300000001
2023-03-23 18:03:00,3837133.0,3838129.0,3837130.0,3837324.0,1.3
2023-03-23 18:04:00,3837145.0,3837782.0,3835403.0,3835424.0,1.6776190000000002
2023-03-23 18:05:00,3835405.0,3849300.0,3835404.0,3835424.0,3.509358999999996
2023-03-23 18:06:00,3835409.0,3835622.0,3835409.0,3835622.0,0.081
2023-03-23 18:07:00,3835745.0,3836465.0,3835622.0,3835622.0,0.6329559300000002
2023-03-23 18:08:00,3835623.0,3838690.0,3833108.0,3835108.0,0.9520000000000003
2023-03-23 18:09:00,3835100.0,3835108.0,3834903.0,3834903.0,0.25006773000000004
2023-03-23 18:10:00,3835092.0,3835092.0,3835091.0,3835092.0,0.25434854
2023-03-23 18:11:00,3835092.0,3835095.0,3835091.0,3835092.0,0.36000000000000015
2023-03-23 18:12:00,3835091.0,3835092.0,3833546.0,3834313.0,0.7100000000000003
2023-03-23 18:13:00,3834338.0,3835092.0,3833540.0,3834422.0,0.8420000000000001
2023-03-23 18:14:00,3834186.0,3834422.0,3834185.0,3834422.0,1.3330000000000002
2023-03-23 18:15:00,3834198.0,3835092.0,3834191.0,3835076.0,0.9820000000000003
2023-03-23 18:16:00,3835076.0,3835092.0,3835076.0,3835092.0,0.10999999999999997
2023-03-23 18:17:00,3835092.0,3835092.0,3832515.0,3832516.0,10.732757919999996
2023-03-23 18:18:00,3832505.0,3833610.0,3831715.0,3832297.0,8.940183519999998
2023-03-23 18:19:00,3831977.0,3833619.0,3831977.0,3832342.0,2.894599999999997
2023-03-23 18:20:00,3832342.0,3835971.0,3832342.0,3834606.0,3.166473089999997
2023-03-23 18:21:00,3834609.0,3835604.0,3834604.0,3835603.0,3.05091366
2023-03-23 18:22:00,3835604.0,3835926.0,3834943.0,3835128.0,5.201821319999998
2023-03-23 18:23:00,3835601.0,3836089.0,3835128.0,3836089.0,1.6151339100000002
2023-03-23 18:24:00,3835957.0,3837588.0,3835627.0,3837587.0,0.6788218300000002
2023-03-23 18:25:00,3837585.0,3838066.0,3836712.0,3836717.0,0.21960000000000007
2023-03-23 18:26:00,3836719.0,3837750.0,3836718.0,3837749.0,1.2702803300000003
2023-03-23 18:27:00,3837750.0,3837750.0,3836735.0,3836746.0,0.4596000000000002
2023-03-23 18:28:00,3836750.0,3838499.0,3836749.0,3837894.0,0.9773247300000001
2023-03-23 18:29:00,3838589.0,3838911.0,3837896.0,3838145.0,0.12719999999999998
2023-03-23 18:30:00,3838147.0,3839733.0,3838147.0,3839148.0,0.23831111000000008
2023-03-23 18:31:00,3839153.0,3839153.0,3839148.0,3839148.0,0.7736727100000002
2023-03-23 18:32:00,3839151.0,3839160.0,3839149.0,3839152.0,1.5193854100000004
2023-03-23 18:33:00,3839152.0,3839152.0,3839149.0,3839149.0,0.4821438400000002
2023-03-23 18:34:00,3839151.0,3839152.0,3839149.0,3839152.0,0.2442471100000001
2023-03-23 18:35:00,3839152.0,3839153.0,3839151.0,3839151.0,0.3971180600000001
2023-03-23 18:36:00,3839152.0,3840875.0,3839151.0,3839508.0,0.7771356900000002
2023-03-23 18:37:00,3839513.0,3841632.0,3839512.0,3840077.0,0.25772348000000006
2023-03-23 18:38:00,3840077.0,3840350.0,3840072.0,3840077.0,4.059169279999998
2023-03-23 18:39:00,3840076.0,3840077.0,3839513.0,3839520.0,1.6389318800000003
2023-03-23 18:40:00,3840077.0,3840077.0,3839520.0,3840000.0,0.5100000000000002
2023-03-23 18:41:00,3840077.0,3840077.0,3840007.0,3840010.0,2.0265396299999994
2023-03-23 18:42:00,3840011.0,3840011.0,3840008.0,3840010.0,0.6160914299999999
2023-03-23 18:43:00,3840009.0,3840077.0,3840008.0,3840077.0,2.2483366300000003
2023-03-23 18:44:00,3840077.0,3840077.0,3840012.0,3840077.0,0.9496000000000001
2023-03-23 18:45:00,3840077.0,3840594.0,3840076.0,3840594.0,1.86676219
2023-03-23 18:46:00,3840594.0,3843456.0,3840076.0,3842300.0,0.3780665100000001
2023-03-23 18:47:00,3840312.0,3844840.0,3840310.0,3840702.0,0.50514231
2023-03-23 18:48:00,3840708.0,3841708.0,3840706.0,3840716.0,0.11479999999999999
2023-03-23 18:49:00,3841178.0,3843624.0,3841177.0,3843624.0,0.3758083500000001
2023-03-23 18:50:00,3843624.0,3844800.0,3843623.0,3844424.0,0.09959999999999998
2023-03-23 18:51:00,3844426.0,3847730.0,3844426.0,3847509.0,1.14877336
2023-03-23 18:52:00,3847511.0,3847519.0,3847509.0,3847519.0,0.3872000000000002
2023-03-23 18:53:00,3848000.0,3848000.0,3847521.0,3847552.0,0.6392
2023-03-23 18:54:00,3847554.0,3847558.0,3847554.0,3847557.0,1.1050584900000002
2023-03-23 18:55:00,3847558.0,3849300.0,3847557.0,3849300.0,1.0390612200000002
2023-03-23 18:56:00,3848007.0,3850000.0,3848004.0,3848857.0,1.41113656
2023-03-23 18:57:00,3848901.0,3850000.0,3848900.0,3848902.0,0.8044277200000001
2023-03-23 18:58:00,3848905.0,3850000.0,3848901.0,3848908.0,0.9303877500000001
2023-03-23 18:59:00,3848910.0,3849363.0,3848901.0,3848901.0,0.5304093400000002
2023-03-23 19:00:00,3848910.0,3848910.0,3848901.0,3848910.0,0.9038986600000002
2023-03-23 19:01:00,3848908.0,3848910.0,3848907.0,3848910.0,0.20920000000000002
2023-03-23 19:02:00,3848910.0,3849743.0,3848903.0,3848905.0,1.2701765200000001
2023-03-23 19:03:00,3848906.0,3848910.0,3848905.0,3848905.0,1.8168780300000003
2023-03-23 19:04:00,3848908.0,3848910.0,3848905.0,3848907.0,1.62233326
2023-03-23 19:05:00,3848908.0,3848908.0,3848906.0,3848908.0,0.44032942000000014
2023-03-23 19:06:00,3848908.0,3850000.0,3848906.0,3850000.0,1.9657537600000003
2023-03-23 19:07:00,3850000.0,3850000.0,3849749.0,3850000.0,3.0390260700000002
2023-03-23 19:08:00,3849982.0,3850068.0,3849981.0,3850068.0,0.6096999999999999
2023-03-23 19:09:00,3849996.0,3850371.0,3849994.0,3850371.0,1.0459
2023-03-23 19:10:00,3850371.0,3851000.0,3850371.0,3851000.0,1.7172000000000003
2023-03-23 19:11:00,3851300.0,3853000.0,3850732.0,3850750.0,1.8589407500000001
2023-03-23 19:12:00,3850751.0,3850751.0,3850071.0,3850072.0,1.9300000000000004
2023-03-23 19:13:00,3850071.0,3851628.0,3850068.0,3850069.0,2.236199999999999
2023-03-23 19:14:00,3850068.0,3851628.0,3850033.0,3850033.0,0.79823569
2023-03-23 19:15:00,3850296.0,3850296.0,3848000.0,3848492.0,5.579199999999996
2023-03-23 19:16:00,3848001.0,3849589.0,3848000.0,3848001.0,0.8492000000000003
2023-03-23 19:17:00,3848002.0,3848796.0,3848000.0,3848399.0,0.6319093600000003
2023-03-23 19:18:00,3848398.0,3848500.0,3848398.0,3848399.0,0.4807762500000003
2023-03-23 19:19:00,3848398.0,3848796.0,3848398.0,3848398.0,2.1996027499999995
2023-03-23 19:20:00,3848399.0,3850000.0,3848000.0,3848001.0,3.1694452499999968
2023-03-23 19:21:00,3848001.0,3849350.0,3847686.0,3847686.0,0.7386545400000003
2023-03-23 19:22:00,3847687.0,3847828.0,3844000.0,3844001.0,2.3899999999999997
2023-03-23 19:23:00,3844001.0,3845710.0,3842603.0,3843612.0,1.2430000000000003
2023-03-23 19:24:00,3843612.0,3847898.0,3843611.0,3843611.0,0.5900000000000002
2023-03-23 19:25:00,3843612.0,3847508.0,3843377.0,3843717.0,0.9220200000000004
2023-03-23 19:26:00,3843717.0,3846050.0,3842603.0,3842604.0,0.7680000000000003
2023-03-23 19:27:00,3842603.0,3845150.0,3842501.0,3843451.0,1.2200000000000004
2023-03-23 19:28:00,3843450.0,3848000.0,3843450.0,3846690.0,2.232
2023-03-23 19:29:00,3846690.0,3850000.0,3845700.0,3847990.0,2.4103000000000003
2023-03-23 19:30:00,3847113.0,3848462.0,3845801.0,3847984.0,0.5500000000000002
2023-03-23 19:31:00,3847985.0,3850000.0,3846288.0,3848631.0,1.5500000000000005
2023-03-23 19:32:00,3848631.0,3848631.0,3848630.0,3848630.0,0.04
2023-03-23 19:33:00,3848630.0,3848630.0,3846800.0,3846812.0,0.41000000000000003
2023-03-23 19:34:00,3846812.0,3847799.0,3846801.0,3846816.0,0.30000000000000004
2023-03-23 19:35:00,3846815.0,3847799.0,3841950.0,3845900.0,8.129515259999993
2023-03-23 19:36:00,3845899.0,3845899.0,3842938.0,3842938.0,0.36
2023-03-23 19:37:00,3842952.0,3842952.0,3842625.0,3842625.0,0.15000000000000002
2023-03-23 19:38:00,3842633.0,3844427.0,3842633.0,3844427.0,0.33000000000000007
2023-03-23 19:39:00,3844427.0,3845331.0,3844427.0,3844507.0,0.6788000000000001
2023-03-23 19:40:00,3845331.0,3847426.0,3844508.0,3847426.0,0.8500000000000003
2023-03-23 19:41:00,3847368.0,3847426.0,3845428.0,3846485.0,0.7265000000000001
2023-03-23 19:42:00,3846485.0,3847426.0,3844508.0,3847426.0,0.6500000000000001
2023-03-23 19:43:00,3846193.0,3847426.0,3846193.0,3847038.0,0.22999999999999998
2023-03-23 19:44:00,3847041.0,3847426.0,3847036.0,3847036.0,0.142
2023-03-23 19:45:00,3847037.0,3849356.0,3847037.0,3848691.0,0.2883285400000001
2023-03-23 19:46:00,3848693.0,3848971.0,3848693.0,3848971.0,0.41490000000000005
2023-03-23 19:47:00,3849213.0,3850000.0,3848968.0,3848968.0,2.6505528199999993
2023-03-23 19:48:00,3850000.0,3851818.0,3848975.0,3849749.0,0.9753479100000002
2023-03-23 19:49:00,3849749.0,3851818.0,3849748.0,3851262.0,0.43000000000000016
2023-03-23 19:50:00,3851262.0,3853259,3850525.0,3852271.0,1.5717610499999999
2023-03-23 19:51:00,3852272.0,3853100.0,3852271.0,3853100.0,0.23500000000000001
2023-03-23 19:52:00,3852372.0,3853191.0,3848875.0,3850412.0,0.9338380600000002
2023-03-23 19:53:00,3850411.0,3851343.0,3848980.0,3851343.0,0.6000000000000002
2023-03-23 19:54:00,3849355.0,3850573.0,3847785.0,3848682.0,0.20012864
2023-03-23 19:55:00,3848824.0,3848829.0,3844307.0,3844446.0,1.9839000000000007
2023-03-23 19:56:00,3844446.0,3846060.0,3842040.0,3844598.0,1.85886105
2023-03-23 19:57:00,3842645.0,3843940.0,3842644.0,3843939.0,0.34
2023-03-23 19:58:00,3844531.0,3845001.0,3844531.0,3845001.0,0.022000000000000002
2023-03-23 19:59:00,3846524.0,3846524.0,3845003.0,3845888.0,0.072
2023-03-23 20:00:00,3845023.0,3846248.0,3845020.0,3845454.0,0.36000000000000004
2023-03-23 20:01:00,3845595.0,3846595.0,3845595.0,3846595.0,0.43999999999999995
2023-03-23 20:02:00,3845932.0,3846595.0,3845930.0,3846595.0,0.05
2023-03-23 20:03:00,3846595.0,3847668.0,3846242.0,3846242.0,0.7100000000000002
2023-03-23 20:04:00,3846900.0,3846900.0,3846252.0,3846900.0,0.24000000000000002
2023-03-23 20:05:00,3846900.0,3847656.0,3845455.0,3846655.0,0.6100000000000002
2023-03-23 20:06:00,3846655.0,3847400.0,3845935.0,3846303.0,0.19000000000000003
2023-03-23 20:07:00,3846303.0,3848822.0,3846288.0,3846815.0,0.8020000000000003
2023-03-23 20:08:00,3846815.0,3846815.0,3846300.0,3846815.0,2.4699999999999998
2023-03-23 20:09:00,3846857.0,3848822.0,3846855.0,3848822.0,0.2223
2023-03-23 20:10:00,3848822.0,3848871.0,3848363.0,3848364.0,0.3291988100000002
2023-03-23 20:11:00,3848366.0,3848841.0,3843937.0,3845677.0,0.9998985200000001
2023-03-23 20:12:00,3846272.0,3846301.0,3843654.0,3843654.0,1.119
2023-03-23 20:13:00,3843654.0,3846272.0,3843654.0,3844116.0,0.18000000000000002
2023-03-23 20:14:00,3844118.0,3844118.0,3839148.0,3842876.0,3.726329019999999
2023-03-23 20:15:00,3840878.0,3842876.0,3839279.0,3842876.0,0.46619862000000006
2023-03-23 20:16:00,3842876.0,3842876.0,3836596.0,3840403.0,2.1419999999999995
2023-03-23 20:17:00,3842710.0,3842710.0,3833468.0,3834708.0,4.12350906
2023-03-23 20:18:00,3834768.0,3839705.0,3831797.0,3831797.0,2.001
2023-03-23 20:19:00,3833477.0,3835783.0,3828761.0,3828761.0,3.55785651
2023-03-23 20:20:00,3828761.0,3832570.0,3823137.0,3823187.0,2.6651434899999975
2023-03-23 20:21:00,3823137.0,3825000.0,3820977.0,3825000.0,2.0733976
2023-03-23 20:22:00,3824867.0,3831332.0,3824400.0,3829370.0,2.5061074399999996
2023-03-23 20:23:00,3829845.0,3836861.0,3829370.0,3836861.0,4.03086904
2023-03-23 20:24:00,3836861.0,3842821.0,3836751.0,3842821.0,3.7055522599999997
2023-03-23 20:25:00,3843033.0,3844118.0,3830565,3833150.0,4.811315189999995
2023-03-23 20:26:00,3835646.0,3837932.0,3832245.0,3834335.0,3.2120000000000006
2023-03-23 20:27:00,3834274.0,3834274.0,3834274.0,3834274.0,0.7413374
2023-03-23 20:28:00,3834400.0,3834400.0,3833421.0,3834245.0,0.9400000000000003
2023-03-23 20:29:00,3834274.0,3834274.0,3832882.0,3832882.0,0.9595333300000001
2023-03-23 20:30:00,3832882.0,3834274.0,3832752.0,3832753.0,0.92
2023-03-23 20:31:00,3832754.0,3834274.0,3831999.0,3832480.0,0.255
2023-03-23 20:32:00,3832480.0,3835306.0,3832319.0,3832319.0,0.54
2023-03-23 20:33:00,3832319.0,3834534.0,3832319.0,3833696.0,0.4784000000000001
2023-03-23 20:34:00,3833569.0,3834534.0,3833569.0,3834154.0,1.068
2023-03-23 20:35:00,3834155.0,3834534.0,3833541.0,3834139.0,0.5900000000000001
2023-03-23 20:36:00,3834139.0,3834534.0,3831649.0,3833006.0,1.11
2023-03-23 20:37:00,3834534.0,3834534.0,3827000.0,3827892.0,3.1954441999999994
2023-03-23 20:38:00,3827892.0,3827892.0,3821000.0,3822730.0,3.6095543799999987
2023-03-23 20:39:00,3824133.0,3825747.0,3822280.0,3825747.0,2.343488759999999
2023-03-23 20:40:00,3825020.0,3825450.0,3825010.0,3825020.0,0.1811038
2023-03-23 20:41:00,3825280.0,3825300.0,3825020.0,3825100.0,0.19097023999999996
2023-03-23 20:42:00,3825747.0,3825747.0,3825000.0,3825364.0,0.41600000000000004
2023-03-23 20:43:00,3825000.0,3827878.0,3825000.0,3825000.0,0.47390298
2023-03-23 20:44:00,3826848.0,3826848.0,3825000.0,3825000.0,0.24600000000000002
2023-03-23 20:45:00,3827052.0,3827052.0,3825000.0,3825000.0,0.9019999999999999
2023-03-23 20:46:00,3825000.0,3826500.0,3825000.0,3825000.0,0.08
2023-03-23 20:47:00,3826198.0,3826581.0,3826198.0,3826198.0,0.26990503
2023-03-23 20:48:00,3826198.0,3826581.0,3825000.0,3826581.0,0.5820020300000001
2023-03-23 20:49:00,3826581.0,3827037.0,3825581.0,3825762.0,0.55912678
2023-03-23 20:50:00,3825762.0,3827594.0,3825746.0,3827594.0,0.6300000000000001
2023-03-23 20:51:00,3827634.0,3830000.0,3826366.0,3828823.0,0.8901267800000001
2023-03-23 20:52:00,3826832.0,3828823.0,3826113.0,3826113.0,0.2
2023-03-23 20:53:00,3827627.0,3828823.0,3827627.0,3828823.0,0.04
2023-03-23 20:54:00,3828823.0,3830000.0,3827627.0,3830000.0,0.6238732200000002
2023-03-23 20:55:00,3829999.0,3833891.0,3829270.0,3833891.0,4.506876609999998
2023-03-23 20:56:00,3833929.0,3834846.0,3828849.0,3830628.0,2.5113903299999976
2023-03-23 20:57:00,3830000.0,3838553.0,3830000.0,3833519.0,3.5449210199999976
2023-03-23 20:58:00,3832919.0,3834399.0,3830000.0,3832567.0,0.6348973300000001
2023-03-23 20:59:00,3835713.0,3837670.0,3832567.0,3837670.0,0.33
2023-03-23 21:00:00,3835354.0,3837977.0,3835354.0,3835685.0,1.0167745500000003
2023-03-23 21:01:00,3835768.0,3857500.0,3835768.0,3857500.0,10.658833319999973
2023-03-23 21:02:00,3855982.0,3865000,3855823.0,3859570.0,6.191754719999989
2023-03-23 21:03:00,3859451.0,3859570.0,3844555.0,3844555.0,4.144186089999999
2023-03-23 21:04:00,3844555.0,3844555.0,3833512.0,3835000.0,2.203775509999999
2023-03-23 21:05:00,3835001.0,3835289.0,3832670.0,3835289.0,2.1540000000000004
2023-03-23 21:06:00,3835570.0,3844602.0,3835570.0,3844084.0,1.9665255400000003
2023-03-23 21:07:00,3844084.0,3845290.0,3844084.0,3845290.0,0.79
2023-03-23 21:08:00,3845290.0,3845290.0,3844018.0,3844018.0,0.37066667000000003
2023-03-23 21:09:00,3844018.0,3844018.0,3838050.0,3841416.0,2.0952782500000007
2023-03-23 21:10:00,3840000.0,3843206.0,3835600.0,3842157.0,2.89208401
2023-03-23 21:11:00,3842157.0,3842611.0,3840000.0,3842611.0,1.0036666699999999
2023-03-23 21:12:00,3841955.0,3841955.0,3838367.0,3840354.0,0.465
2023-03-23 21:13:00,3840215.0,3843206.0,3838765.0,3843206.0,1.211
2023-03-23 21:14:00,3843206.0,3844501.0,3839925.0,3843388.0,1.3800000000000001
2023-03-23 21:15:00,3843037.0,3843388.0,3841394.0,3841394.0,0.81
2023-03-23 21:16:00,3841394.0,3843504.0,3840313.0,3843039.0,0.8000000000000002
2023-03-23 21:17:00,3843039.0,3843411.0,3838410.0,3838410.0,1.6220000000000003
2023-03-23 21:18:00,3839909.0,3841695.0,3838367.0,3838733.0,0.248
2023-03-23 21:19:00,3840729.0,3842018.0,3839370.0,3839370.0,0.26580000000000004
2023-03-23 21:20:00,3839370.0,3839370.0,3838367.0,3838367.0,0.2042
2023-03-23 21:21:00,3839000.0,3840370.0,3838367.0,3838367.0,1.1523796800000004
2023-03-23 21:22:00,3838367.0,3840370.0,3838367.0,3838367.0,0.313
2023-03-23 21:23:00,3838794.0,3839000.0,3838569.0,3839000.0,0.08199999999999999
2023-03-23 21:24:00,3839000.0,3839000.0,3838569.0,3838569.0,0.19578063999999998
2023-03-23 21:25:00,3838570.0,3838570.0,3838569.0,3838569.0,0.09
2023-03-23 21:26:00,3838569.0,3838570.0,3837226.0,3838570.0,0.7199999999999999
2023-03-23 21:27:00,3838570.0,3840001.0,3836488.0,3836490.0,1.13214331
2023-03-23 21:28:00,3839724.0,3840000.0,3836488.0,3839999.0,0.5599999999999999
2023-03-23 21:29:00,3839999.0,3839999.0,3838003.0,3839566.0,0.42000000000000004
2023-03-23 21:30:00,3839566.0,3842606.0,3837000.0,3842606.0,1.7187189400000005
2023-03-23 21:31:00,3842224.0,3843411.0,3841375.0,3841375.0,0.5860000000000002
2023-03-23 21:32:00,3843197.0,3843197.0,3839566.0,3841501.0,0.279
2023-03-23 21:33:00,3839566.0,3841499.0,3839566.0,3839566.0,1.163
2023-03-23 21:34:00,3841400.0,3841400.0,3840691.0,3840691.0,0.063
2023-03-23 21:35:00,3839566.0,3840691.0,3839566.0,3840691.0,0.13
2023-03-23 21:36:00,3840691.0,3840691.0,3839566.0,3839566.0,0.07
2023-03-23 21:37:00,3839566.0,3839566.0,3839000.0,3839000.0,0.15340000000000004
2023-03-23 21:38:00,3839415.0,3840601.0,3839018.0,3839018.0,0.1708
2023-03-23 21:39:00,3839019.0,3840601.0,3837566.0,3837566.0,0.3892
2023-03-23 21:40:00,3837565.0,3837566.0,3837212.0,3837212.0,0.43000000000000005
2023-03-23 21:41:00,3837000.0,3837000.0,3835664.0,3836367.0,1.8841034200000002
2023-03-23 21:42:00,3836367.0,3839000.0,3835566.0,3836576.0,1.8749999999999996
2023-03-23 21:43:00,3836385.0,3839000.0,3835045.0,3836209.0,3.0499999999999994
2023-03-23 21:44:00,3835045.0,3836562.0,3834566.0,3834566.0,0.182
2023-03-23 21:45:00,3834566.0,3838200.0,3833664.0,3835935.0,1.3200000000000005
2023-03-23 21:46:00,3835277.0,3836483.0,3834669.0,3834803.0,1.0320000000000003
2023-03-23 21:47:00,3834796.0,3835917.0,3834796.0,3835917.0,0.3258
2023-03-23 21:48:00,3835917.0,3836486.0,3835065.0,3836486.0,2.061190699999999
2023-03-23 21:49:00,3836699.0,3836795.0,3835290.0,3835290.0,1.8990000000000005
2023-03-23 21:50:00,3835290.0,3835291.0,3833664.0,3833665.0,0.8380000000000001
2023-03-23 21:51:00,3833665.0,3833665.0,3832014.0,3832786.0,0.4710000000000001
2023-03-23 21:52:00,3832126.0,3833445.0,3832126.0,3832786.0,1.4311872900000004
2023-03-23 21:53:00,3832000.0,3833665.0,3832000.0,3832000.0,0.8599999999999999
2023-03-23 21:54:00,3832914.0,3832914.0,3830947.0,3831382.0,1.632
2023-03-23 21:55:00,3830999.0,3831586.0,3830999.0,3831071.0,2.5070051099999997
2023-03-23 21:56:00,3831072.0,3831465.0,3828157.0,3828158.0,3.283445639999999
2023-03-23 21:57:00,3828158.0,3828158.0,3825383.0,3825383.0,3.438666669999999
2023-03-23 21:58:00,3825478.0,3825737.0,3823834.0,3823834.0,1.1504896100000002
2023-03-23 21:59:00,3823551.0,3823551.0,3822025.0,3822866.0,1.780933330000001
2023-03-23 22:00:00,3822538.0,3827216.0,3822538.0,3824300.0,2.79279999
2023-03-23 22:01:00,3824300.0,3824300.0,3822854.0,3823756.0,1.7268208000000003
2023-03-23 22:02:00,3822788.0,3824693.0,3822784.0,3823373.0,0.9899999999999999
2023-03-23 22:03:00,3823373.0,3823513.0,3818377.0,3818464.0,7.5785063199999945
2023-03-23 22:04:00,3818464.0,3818464.0,3811628.0,3814981.0,9.835376299999986
2023-03-23 22:05:00,3815437.0,3822110.0,3815437.0,3820088.0,8.53198920999999
2023-03-23 22:06:00,3819068.0,3820998.0,3819068.0,3819190.0,0.92
2023-03-23 22:07:00,3819191.0,3819788.0,3815969.0,3817953.0,1.1154570000000001
2023-03-23 22:08:00,3817834.0,3817834.0,3815195.0,3816481.0,3.8119643
2023-03-23 22:09:00,3816481.0,3818845.0,3814994.0,3816471.0,2.8048000000000006
2023-03-23 22:10:00,3816470.0,3817142.0,3815320.0,3817142.0,4.561999999999999
2023-03-23 22:11:00,3817803.0,3818465.0,3816137.0,3817557.0,2.4504213
2023-03-23 22:12:00,3818465.0,3819110.0,3813657.0,3815818.0,7.262299999999998
2023-03-23 22:13:00,3815441.0,3817141.0,3813313.0,3813313.0,2.4747530399999995
2023-03-23 22:14:00,3812150.0,3813824.0,3811499.0,3811504.0,10.489140059999993
2023-03-23 22:15:00,3811504.0,3811504.0,3800983.0,3802264.0,11.301958539999973
2023-03-23 22:16:00,3802265.0,3803582.0,3797849.0,3798954.0,18.384766889999987
2023-03-23 22:17:00,3798954.0,3800277.0,3790428,3794473.0,15.244992139999981
2023-03-23 22:18:00,3794473.0,3797240.0,3784019.0,3794320.0,40.11981098000002
2023-03-23 22:19:00,3791819.0,3795648.0,3791819.0,3795452.0,13.419099999999991
2023-03-23 22:20:00,3796103.0,3800933.0,3794660.0,3797070.0,15.885399999999988
2023-03-23 22:21:00,3797945.0,3799041.0,3796449.0,3797730.0,5.551492869999997
2023-03-23 22:22:00,3797070.0,3797070.0,3794444.0,3796408.0,4.841715199999998
2023-03-23 22:23:00,3796405.0,3796405.0,3794121.0,3794121.0,4.749999999999998
2023-03-23 22:24:00,3794120.0,3794423.0,3790634.0,3790634.0,1.3328564900000004
2023-03-23 22:25:00,3790502.0,3796379.0,3790499.0,3794991.0,7.012999999999988
2023-03-23 22:26:00,3794994.0,3796375.0,3794547.0,3796313.0,6.618782369999995
2023-03-23 22:27:00,3796376.0,3799054.0,3795323.0,3795755.0,12.301867019999998
2023-03-23 22:28:00,3796430.0,3797615.0,3795755.0,3795758.0,2.633999999999999
2023-03-23 22:29:00,3795758.0,3796820.0,3795754.0,3795768.0,5.769999999999997
2023-03-23 22:30:00,3795768.0,3803553.0,3795768.0,3801928.0,13.105663159999992
2023-03-23 22:31:00,3803364.0,3810371.0,3801938.0,3810000.0,12.648452249999993
2023-03-23 22:32:00,3809512.0,3811500.0,3809051.0,3809052.0,14.670850079999996
2023-03-23 22:33:00,3809051.0,3809539.0,3807567.0,3807567.0,4.518968669999998
2023-03-23 22:34:00,3807567.0,3810863.0,3807567.0,3807813.0,5.800999999999998
2023-03-23 22:35:00,3807802.0,3808875.0,3802777.0,3804914.0,13.227936359999998
2023-03-23 22:36:00,3805570.0,3805570.0,3801937.0,3803583.0,4.090311269999998
2023-03-23 22:37:00,3803106.0,3806894.0,3803106.0,3806246.0,4.185999999999996
2023-03-23 22:38:00,3806248.0,3806893.0,3805346.0,3806231.0,6.269999999999996
2023-03-23 22:39:00,3805280.0,3808215.0,3804298.0,3804806.0,4.774892659999996
2023-03-23 22:40:00,3804806.0,3804806.0,3795791.0,3795791.0,13.702001619999999
2023-03-23 22:41:00,3795592.0,3796309.0,3791521.0,3792280.0,6.996501099999995
2023-03-23 22:42:00,3792280.0,3792338.0,3788649.0,3789694.0,6.279099999999993
2023-03-23 22:43:00,3789695.0,3799950.0,3789450.0,3799950.0,12.215243179999984
2023-03-23 22:44:00,3800000.0,3803064.0,3797270.0,3798236.0,5.761639639999996
2023-03-23 22:45:00,3797269.0,3800420.0,3797111.0,3799098.0,5.764143279999995
2023-03-23 22:46:00,3799037.0,3801744.0,3797071.0,3797071.0,6.147892329999998
2023-03-23 22:47:00,3798462.0,3799098.0,3793643.0,3793643.0,2.7727841700000004
2023-03-23 22:48:00,3792995.0,3792995.0,3787349.0,3787349.0,9.233451759999989
2023-03-23 22:49:00,3787350.0,3787822.0,3768137,3783027.0,17.802140969999993
2023-03-23 22:50:00,3783027.0,3786348.0,3781109.0,3786348.0,3.816057909999983
2023-03-23 22:51:00,3786348.0,3787821.0,3780081.0,3787821.0,1.3420455100000004
2023-03-23 22:52:00,3787821.0,3790876.0,3786849.0,3790500.0,3.222
2023-03-23 22:53:00,3790500.0,3790500.0,3787148.0,3788821.0,0.42500000000000016
2023-03-23 22:54:00,3788133.0,3793420.0,3787750.0,3793420.0,2.6839999999999997
2023-03-23 22:55:00,3791625.0,3795000.0,3791625.0,3792650.0,1.255
2023-03-23 22:56:00,3792050.0,3793171.0,3790820.0,3790820.0,1.3400000000000005
2023-03-23 22:57:00,3790821.0,3791600.0,3787272.0,3791292.0,1.2001003000000003
2023-03-23 22:58:00,3791292.0,3791600.0,3790460.0,3791342.0,0.4391000000000001
2023-03-23 22:59:00,3791342.0,3791342.0,3790460.0,3791342.0,0.26
2023-03-23 23:00:00,3790460.0,3797135.0,3790460.0,3793422.0,8.112203389999994
2023-03-23 23:01:00,3793421.0,3795121.0,3793036.0,3794397.0,4.245626989999999
2023-03-23 23:02:00,3793960.0,3795154.0,3792976.0,3795154.0,3.3419999999999996
2023-03-23 23:03:00,3795155.0,3795155.0,3792942.0,3793561.0,3.0590815999999954
2023-03-23 23:04:00,3793561.0,3793562.0,3786869.0,3788922.0,6.64133253999999
2023-03-23 23:05:00,3788921.0,3791516.0,3786284.0,3791516.0,4.881485989999996
2023-03-23 23:06:00,3791515.0,3792090.0,3789973.0,3792090.0,6.395108829999996
2023-03-23 23:07:00,3793030.0,3793170.0,3786421.0,3788270.0,8.06559193999999
2023-03-23 23:08:00,3786717.0,3791861.0,3786716.0,3791184.0,7.758999999999993
2023-03-23 23:09:00,3791183.0,3791183.0,3784620.0,3784620.0,5.143999999999993
2023-03-23 23:10:00,3784620.0,3786393.0,3780000,3786297.0,4.062308209999995
2023-03-23 23:11:00,3786297.0,3799368.0,3784406.0,3799365.0,8.338624909999984
2023-03-23 23:12:00,3798942.0,3801107.0,3798942.0,3800533.0,3.348577339999996
2023-03-23 23:13:00,3800532.0,3800687.0,3798090.0,3798945.0,2.825609989999997
2023-03-23 23:14:00,3798946.0,3801108.0,3798945.0,3800751.0,4.399996729999999
2023-03-23 23:15:00,3800751.0,3809047.0,3800751.0,3806747.0,18.436483630000005
2023-03-23 23:16:00,3806420.0,3807425.0,3802783.0,3802783.0,10.061777719999988
2023-03-23 23:17:00,3802708.0,3803755.0,3800542.0,3802431.0,7.907634049999988
2023-03-23 23:18:00,3802432.0,3802432.0,3798463.0,3801108.0,4.467931659999996
2023-03-23 23:19:00,3801107.0,3801892.0,3797015.0,3797799.0,9.715999999999987
2023-03-23 23:20:00,3797800.0,3797800.0,3795480.0,3797118.0,4.8855786699999975
2023-03-23 23:21:00,3797419.0,3797800.0,3795517.0,3795517.0,3.3345846699999986
2023-03-23 23:22:00,3795354.0,3795354.0,3789863.0,3791183.0,11.506700879999988
2023-03-23 23:23:00,3791183.0,3791847.0,3790525.0,3791185.0,4.303751989999999
2023-03-23 23:24:00,3791185.0,3792509.0,3791165.0,3792509.0,3.910031899999997
2023-03-23 23:25:00,3792509.0,3794809.0,3792027.0,3792820.0,3.10161673
2023-03-23 23:26:00,3792176.0,3793482.0,3792176.0,3793482.0,2.2379181600000004
2023-03-23 23:27:00,3793482.0,3798773.0,3793482.0,3797255.0,6.095161159999997
2023-03-23 23:28:00,3797255.0,3797967.0,3792955.0,3793243.0,6.552780649999996
2023-03-23 23:29:00,3793243.0,3793243.0,3790961.0,3790961.0,4.224780649999995
2023-03-23 23:30:00,3791496.0,3791497.0,3788969.0,3789072.0,6.814095119999991
2023-03-23 23:31:00,3789947.0,3791983.0,3789125.0,3789314.0,5.176028629999996
2023-03-23 23:32:00,3789313.0,3790175.0,3788543.0,3790175.0,8.583933499999993
2023-03-23 23:33:00,3790122.0,3790836.0,3788725.0,3790175.0,7.409809759999991
2023-03-23 23:34:00,3790265.0,3790606.0,3785809.0,3787537.0,5.746350639999989
2023-03-23 23:35:00,3787487.0,3788190.0,3787240.0,3787292.0,4.447526859999998
2023-03-23 23:36:00,3787291.0,3791017.0,3787291.0,3791017.0,2.4865728799999984
2023-03-23 23:37:00,3791260.0,3792158.0,3789398.0,3792157.0,2.2083754499999997
2023-03-23 23:38:00,3792158.0,3796454.0,3792155.0,3796454.0,1.2329140800000005
2023-03-23 23:39:00,3796454.0,3797450.0,3795319.0,3795332.0,5.614008789999998
2023-03-23 23:40:00,3797092.0,3798113.0,3795336.0,3796246.0,7.436013029999993
2023-03-23 23:41:00,3796246.0,3798774.0,3796246.0,3798689.0,4.347672009999994
2023-03-23 23:42:00,3799225.0,3799435.0,3795453.0,3796148.0,10.546108119999992
2023-03-23 23:43:00,3796148.0,3798523.0,3795964.0,3798523.0,5.8029999999999955
2023-03-23 23:44:00,3798772.0,3800000.0,3798515.0,3800000.0,2.8727751099999996
2023-03-23 23:45:00,3799477.0,3803214.0,3799477.0,3802365.0,2.723315949999997
2023-03-23 23:46:00,3802406.0,3812826.0,3802406.0,3812412.0,24.485484540000026
2023-03-23 23:47:00,3812454.0,3832200.0,3810791.0,3823356.0,49.868771449999926
2023-03-23 23:48:00,3830932.0,3847000,3817847.0,3842450.0,16.707955999999974
2023-03-23 23:49:00,3837627.0,3842450.0,3831964.0,3835220.0,4.41071587999999
2023-03-23 23:50:00,3835350.0,3837524.0,3830577.0,3831482.0,3.6520282499999923
2023-03-23 23:51:00,3831482.0,3834397.0,3827540.0,3827540.0,3.1020874299999965
2023-03-23 23:52:00,3832402.0,3834118.0,3827490.0,3833734.0,1.2301607100000003
2023-03-23 23:53:00,3834118.0,3837188.0,3831493.0,3837188.0,2.121999999999999
2023-03-23 23:54:00,3837188.0,3841281.0,3832489.0,3833830.0,1.824000000000001
2023-03-23 23:55:00,3833702.0,3841692.0,3833700.0,3841025.0,7.6820714399999925
2023-03-23 23:56:00,3841025.0,3849555.0,3837489.0,3848825.0,12.251548809999989
2023-03-23 23:57:00,3848485.0,3849989.0,3841691.0,3845048.0,3.7982874299999945
2023-03-23 23:58:00,3846027.0,3858970.0,3846027.0,3854807.0,5.745268849999981
2023-03-23 23:59:00,3854807.0,3910000.0,3854200.0,3889490.0,41.88032820000006
2023-03-24 00:00:00,3897140.0,3920000.0,3886820.0,3918470.0,18.17790366000001
2023-03-24 00:01:00,3920000.0,3920000.0,3900000.0,3907297.0,9.792200039999987
2023-03-24 00:02:00,3907297.0,3911933.0,3897949.0,3902329.0,5.47216003999999
2023-03-24 00:03:00,3904774.0,3904774.0,3890387.0,3903052.0,12.428599999999987
2023-03-24 00:04:00,3902489.0,3906473.0,3899482.0,3903864.0,2.0766
2023-03-24 00:05:00,3903751.0,3928777.0,3903663.0,3917707.0,16.490177099999972
2023-03-24 00:06:00,3917707.0,3928777.0,3914372.0,3914372.0,6.012799999999989
2023-03-24 00:07:00,3914372.0,3923887.0,3910000.0,3923887.0,15.52624212999999
2023-03-24 00:08:00,3922718.0,3948500.0,3922250.0,3933978.0,21.485007150000026
2023-03-24 00:09:00,3941173.0,3947833.0,3920000.0,3921000.0,12.687899999999987
2023-03-24 00:10:00,3921000.0,3938173.0,3920000.0,3926698.0,7.787699999999986
2023-03-24 00:11:00,3934175.0,3944432.0,3925629.0,3944432.0,19.44946665
2023-03-24 00:12:00,3944432.0,3953647.0,3934942.0,3935671.0,24.428366060000066
2023-03-24 00:13:00,3935671.0,3950018.0,3932000.0,3950018.0,11.264332099999983
2023-03-24 00:14:00,3950018.0,3961450.0,3938000.0,3946851.0,12.454080619999996
2023-03-24 00:15:00,3946903.0,3993933.0,3946903.0,3976250.0,23.707396300000077
2023-03-24 00:16:00,3983045.0,3998350.0,3978650.0,3990991.0,21.958010000000026
2023-03-24 00:17:00,3985657.0,3999079.0,3977900.0,3988251.0,8.184199979999985
2023-03-24 00:18:00,3988180.0,3988180.0,3971609.0,3978839.0,7.799248189999981
2023-03-24 00:19:00,3975032.0,3980693.0,3961355.0,3961355.0,14.447299999999986
2023-03-24 00:20:00,3961355.0,3969511.0,3960000.0,3960926.0,9.20577317999998
2023-03-24 00:21:00,3960926.0,3974063.0,3960926.0,3964352.0,9.29655229999999
2023-03-24 00:22:00,3963750.0,3969713.0,3960000.0,3962243.0,4.975347699999994
2023-03-24 00:23:00,3963494.0,3963494.0,3948750.0,3948750.0,5.345944449999992
2023-03-24 00:24:00,3948750.0,3954554.0,3937451,3947021.0,8.75066097999999
2023-03-24 00:25:00,3947013.0,3956279.0,3945190.0,3955234.0,4.3823282799999985
2023-03-24 00:26:00,3956287.0,3956287.0,3947489.0,3947573.0,1.3080000000000005
2023-03-24 00:27:00,3950846.0,3957969.0,3950846.0,3956000.0,2.1537
2023-03-24 00:28:00,3956000.0,3966500.0,3952794.0,3966500.0,3.589471719999997
2023-03-24 00:29:00,3967119.0,3968417.0,3954046.0,3955200.0,6.063687599999993
2023-03-24 00:30:00,3955200.0,3968717.0,3954799.0,3966548.0,5.312085049999992
2023-03-24 00:31:00,3968717.0,3980000.0,3965019.0,3972333.0,7.896214959999986
2023-03-24 00:32:00,3973083.0,3974938.0,3966375.0,3969934.0,2.7410999999999985
2023-03-24 00:33:00,3968467.0,3980156,3968467.0,3970001.0,5.372599999999992
2023-03-24 00:34:00,3970279.0,3972374.0,3965000.0,3968094.0,2.5493897099999994
2023-03-24 00:35:00,3967932.0,3972538.0,3967894.0,3972405.0,1.6772000000000005
2023-03-24 00:36:00,3972538.0,3990000.0,3972538.0,3984704.0,9.15255558999999
2023-03-24 00:37:00,3984704.0,3987938.0,3976699.0,3980199.0,3.1674999999999955
2023-03-24 00:38:00,3982209.0,3984895.0,3968431.0,3976070.0,2.6081
2023-03-24 00:39:00,3976070.0,3977837.0,3966666.0,3966889.0,4.466199999999999
2023-03-24 00:40:00,3968406.0,3971996.0,3966889.0,3969440.0,1.2266000000000001
2023-03-24 00:41:00,3968940.0,3968940.0,3955000.0,3955000.0,4.899566259999997
2023-03-24 00:42:00,3957925.0,3961617.0,3948204.0,3948204.0,5.995632809999997
2023-03-24 00:43:00,3950000.0,3955544.0,3948203.0,3955544.0,2.2073577499999995
2023-03-24 00:44:00,3955750.0,3957689.0,3955482.0,3956213.0,1.4974000000000003
2023-03-24 00:45:00,3957929.0,3962133.0,3957929.0,3961804.0,1.0150530500000003
2023-03-24 00:46:00,3961804.0,3963400.0,3961675.0,3963400.0,0.6950000000000003
2023-03-24 00:47:00,3963208.0,3969999.0,3963208.0,3966668.0,2.868699999999999
2023-03-24 00:48:00,3968420.0,3971686.0,3968143.0,3969173.0,0.9653000000000003
2023-03-24 00:49:00,3971250.0,3976106.0,3966068.0,3967500.0,4.341699999999996
2023-03-24 00:50:00,3968616.0,3976482.0,3968615.0,3971800.0,3.0170000000000003
2023-03-24 00:51:00,3974048.0,3976116.0,3967500.0,3967500.0,1.4223142600000007
2023-03-24 00:52:00,3967875.0,3978000.0,3967875.0,3977837.0,1.9728000000000003
2023-03-24 00:53:00,3977836.0,3979999.0,3967500.0,3969883.0,3.4068505300000007
2023-03-24 00:54:00,3967500.0,3970830.0,3967500.0,3970830.0,0.5256000000000001
2023-03-24 00:55:00,3971459.0,3974066.0,3966454.0,3972150.0,2.0126000000000004
2023-03-24 00:56:00,3974216.0,3975750.0,3973020.0,3973020.0,0.37540000000000007
2023-03-24 00:57:00,3971141.0,3971141.0,3967284.0,3969738.0,0.5640000000000001
2023-03-24 00:58:00,3969737.0,3969878.0,3963700.0,3963700.0,3.0122802100000006
2023-03-24 00:59:00,3963239.0,3966390.0,3959390.0,3965029.0,6.234499999999995
2023-03-24 01:00:00,3966361.0,3973150.0,3961018.0,3972173.0,2.2970000000000006
2023-03-24 01:01:00,3972173.0,3973000.0,3960293.0,3964928.0,2.3981999999999997
2023-03-24 01:02:00,3965091.0,3966745.0,3958583.0,3958583.0,2.77555626
2023-03-24 01:03:00,3958586.0,3958586.0,3949811.0,3949811.0,5.270670569999998
2023-03-24 01:04:00,3950097.0,3955357.0,3949811.0,3955357.0,2.5439999999999996
2023-03-24 01:05:00,3955357.0,3963905.0,3955357.0,3963905.0,1.7530000000000001
2023-03-24 01:06:00,3962347.0,3963804.0,3958263.0,3962613.0,3.2689999999999992
2023-03-24 01:07:00,3964000.0,3968974.0,3963665.0,3967156.0,1.9592577000000009
2023-03-24 01:08:00,3967156.0,3970785.0,3965957.0,3970575.0,1.70870001
2023-03-24 01:09:00,3970785.0,3973000.0,3962700.0,3962972.0,3.121139459999998
2023-03-24 01:10:00,3962972.0,3962972.0,3960912.0,3960912.0,0.756
2023-03-24 01:11:00,3960296.0,3960912.0,3956825.0,3957092.0,1.1439999999999997
2023-03-24 01:12:00,3958158.0,3958158.0,3955000.0,3955017.0,1.0070000000000001
2023-03-24 01:13:00,3955793.0,3956073.0,3944248,3948783.0,3.0410761699999993
2023-03-24 01:14:00,3944820.0,3948908.0,3941000.0,3946053.0,3.689250819999998
2023-03-24 01:15:00,3944793.0,3948975.0,3931500.0,3946649.0,8.041866079999988
2023-03-24 01:16:00,3945981.0,3946649.0,3941852.0,3944000.0,1.357
2023-03-24 01:17:00,3944510.0,3952000.0,3944510.0,3950759.0,3.5088436899999995
2023-03-24 01:18:00,3950760.0,3952000.0,3941852.0,3941852.0,1.9062282800000006
2023-03-24 01:19:00,3943404.0,3943404.0,3911979.0,3929189.0,8.775799999999988
2023-03-24 01:20:00,3928598.0,3935652.0,3918154.0,3932632.0,6.267053789999988
2023-03-24 01:21:00,3930775.0,3934094.0,3930775.0,3934094.0,1.7360019500000003
2023-03-24 01:22:00,3932865.0,3940270.0,3932835.0,3939179.0,2.4019334799999985
2023-03-24 01:23:00,3939179.0,3939836.0,3937489.0,3938669.0,2.519999999999999
2023-03-24 01:24:00,3938248.0,3938579.0,3933223.0,3933359.0,0.742
2023-03-24 01:25:00,3933518.0,3934423.0,3929116.0,3932266.0,1.5685864
2023-03-24 01:26:00,3932716.0,3939406.0,3932716.0,3939406.0,0.42000000000000004
2023-03-24 01:27:00,3939034.0,3941805.0,3939034.0,3939585.0,0.27234451000000004
2023-03-24 01:28:00,3939820.0,3942000.0,3938351.0,3942000.0,0.42600000000000005
2023-03-24 01:29:00,3942406.0,3948772.0,3942000.0,3942489.0,0.7480000000000002
2023-03-24 01:30:00,3942489.0,3947428.0,3942347.0,3947428.0,0.6820000000000002
2023-03-24 01:31:00,3946893.0,3946893.0,3944312.0,3944313.0,0.09
2023-03-24 01:32:00,3944868.0,3944868.0,3938145.0,3938326.0,1.60716315
2023-03-24 01:33:00,3940060.0,3940060.0,3935887.0,3937024.0,0.5890047100000002
2023-03-24 01:34:00,3937024.0,3937331.0,3937024.0,3937165.0,0.42700000000000005
2023-03-24 01:35:00,3937024.0,3938053.0,3930000.0,3930000.0,1.16815844
2023-03-24 01:36:00,3929999.0,3935021.0,3927323.0,3931985.0,2.4379848899999983
2023-03-24 01:37:00,3931355.0,3931355.0,3921801.0,3924391.0,2.7269533199999993
2023-03-24 01:38:00,3924219.0,3930463.0,3924219.0,3930272.0,1.5220000000000002
2023-03-24 01:39:00,3931262.0,3935000.0,3931262.0,3933698.0,6.18796
2023-03-24 01:40:00,3933697.0,3933697.0,3926063.0,3926063.0,0.7240000000000002
2023-03-24 01:41:00,3927644.0,3928837.0,3924251.0,3925701.0,0.14300000000000002
2023-03-24 01:42:00,3926739.0,3936314.0,3925830.0,3932506.0,1.00588901
2023-03-24 01:43:00,3931467.0,3933975.0,3931020.0,3933832.0,0.41100000000000003
2023-03-24 01:44:00,3934065.0,3934400.0,3933548.0,3933548.0,0.08832962
2023-03-24 01:45:00,3932489.0,3935640.0,3930786.0,3934767.0,1.9180000000000001
2023-03-24 01:46:00,3933091.0,3936719.0,3933091.0,3935939.0,2.117
2023-03-24 01:47:00,3935939.0,3935939.0,3927970.0,3927970.0,0.5539084100000001
2023-03-24 01:48:00,3929624.0,3929624.0,3927831.0,3928487.0,0.22547882
2023-03-24 01:49:00,3929624.0,3930655.0,3927618.0,3930655.0,0.9380000000000001
2023-03-24 01:50:00,3930670.0,3930671.0,3929700.0,3929788.0,0.3770000000000001
2023-03-24 01:51:00,3929788.0,3932229.0,3929788.0,3931198.0,0.54115817
2023-03-24 01:52:00,3932526.0,3938283.0,3932526.0,3938283.0,1.3060000000000003
2023-03-24 01:53:00,3937255.0,3948298.0,3937255.0,3948298.0,2.708999999999994
2023-03-24 01:54:00,3948500.0,3954355.0,3945960.0,3947729.0,7.008905469999992
2023-03-24 01:55:00,3947729.0,3949937.0,3944857.0,3948758.0,1.2280000000000002
2023-03-24 01:56:00,3950241.0,3950944.0,3948890.0,3949612.0,0.8
2023-03-24 01:57:00,3949746.0,3949746.0,3948158.0,3949746.0,0.24647191999999998
2023-03-24 01:58:00,3949246.0,3949246.0,3940317.0,3940317.0,0.343
2023-03-24 01:59:00,3942365.0,3944719.0,3940404.0,3942465.0,0.7140000000000001
2023-03-24 02:00:00,3941162.0,3943348.0,3941162.0,3943348.0,0.23287483000000003
2023-03-24 02:01:00,3943092.0,3943092.0,3940209.0,3940209.0,0.4060306400000001
2023-03-24 02:02:00,3940000.0,3941457.0,3939216.0,3941457.0,0.6059000000000002
2023-03-24 02:03:00,3941720.0,3947204.0,3941720.0,3945481.0,0.6849000000000002
2023-03-24 02:04:00,3946135.0,3949232.0,3946135.0,3948508.0,0.7578000000000003
2023-03-24 02:05:00,3948508.0,3949746.0,3948382.0,3949746.0,0.48630000000000007
2023-03-24 02:06:00,3950000.0,3953379.0,3950000.0,3953379.0,0.24070000000000005
2023-03-24 02:07:00,3953007.0,3953999.0,3948643.0,3948643.0,0.7657000000000002
2023-03-24 02:08:00,3949000.0,3949000.0,3945226.0,3945226.0,0.40300000000000014
2023-03-24 02:09:00,3945226.0,3945226.0,3934656.0,3935507.0,3.227451359999998
2023-03-24 02:10:00,3935507.0,3935507.0,3930000.0,3930044.0,1.7200000000000004
2023-03-24 02:11:00,3930044.0,3935244.0,3926548.0,3926548.0,5.511333319999993
2023-03-24 02:12:00,3926548.0,3926548.0,3918200.0,3918440.0,5.881492649999996
2023-03-24 02:13:00,3921526.0,3929010.0,3921286.0,3929010.0,0.6970000000000002
2023-03-24 02:14:00,3929450.0,3932300.0,3919224.0,3929753.0,1.0651300000000001
2023-03-24 02:15:00,3931676.0,3931676.0,3923132.0,3923719.0,0.319
2023-03-24 02:16:00,3925103.0,3925103.0,3919224.0,3923975.0,0.9440000000000001
2023-03-24 02:17:00,3924613.0,3931910.0,3923672.0,3931787.0,0.7967787900000003
2023-03-24 02:18:00,3931910.0,3932695.0,3929279.0,3930003.0,0.4950000000000001
2023-03-24 02:19:00,3930003.0,3930003.0,3929992.0,3930003.0,0.368
2023-03-24 02:20:00,3928619.0,3932193.0,3928619.0,3929688.0,0.45200000000000007
2023-03-24 02:21:00,3930961.0,3933239.0,3930054.0,3930407.0,0.16401269000000002
2023-03-24 02:22:00,3932451.0,3936374.0,3930140.0,3933625.0,0.8354
2023-03-24 02:23:00,3935147.0,3936359.0,3928766.0,3929938.0,1.4444
2023-03-24 02:24:00,3931349.0,3931636.0,3923375.0,3923375.0,0.7314000000000002
2023-03-24 02:25:00,3924129.0,3924529.0,3914294.0,3914294.0,1.4236600000000001
2023-03-24 02:26:00,3916326.0,3918705.0,3903000.0,3912350.0,4.335144609999998
2023-03-24 02:27:00,3910316.0,3913000.0,3901150.0,3907717.0,3.4860288799999983
2023-03-24 02:28:00,3910827.0,3918531.0,3910827.0,3918531.0,2.3909999999999987
2023-03-24 02:29:00,3918531.0,3919464.0,3912378.0,3914240.0,0.8866200000000003
2023-03-24 02:30:00,3914240.0,3919382.0,3913191.0,3919382.0,0.6921545300000002
2023-03-24 02:31:00,3920342.0,3926403.0,3920342.0,3924821.0,1.3539000000000003
2023-03-24 02:32:00,3924821.0,3924821.0,3917801.0,3918760.0,0.9250000000000003
2023-03-24 02:33:00,3920798.0,3921783.0,3918479.0,3919608.0,0.8911006800000002
2023-03-24 02:34:00,3918490.0,3920163.0,3916092.0,3916092.0,1.402797
2023-03-24 02:35:00,3916119.0,3916119.0,3912489.0,3912489.0,0.36200000000000004
2023-03-24 02:36:00,3912677.0,3912677.0,3907053.0,3910290.0,2.8101330200000003
2023-03-24 02:37:00,3911388.0,3921379.0,3911388.0,3917315.0,0.8074784600000003
2023-03-24 02:38:00,3917764.0,3917764.0,3909702.0,3913988.0,0.6910000000000001
2023-03-24 02:39:00,3913030.0,3915309.0,3912639.0,3914434.0,0.10577
2023-03-24 02:40:00,3912489.0,3912489.0,3910000.0,3912325.0,0.21494770000000002
2023-03-24 02:41:00,3912490.0,3918795.0,3912325.0,3918795.0,0.56411944
2023-03-24 02:42:00,3919490.0,3922492.0,3918019.0,3922492.0,0.8180000000000003
2023-03-24 02:43:00,3924533.0,3929851.0,3924092.0,3927489.0,1.4100000000000004
2023-03-24 02:44:00,3927159.0,3929453.0,3924403.0,3927267.0,1.2497490300000003
2023-03-24 02:45:00,3928606.0,3933887.0,3927528.0,3932182.0,3.218511779999999
2023-03-24 02:46:00,3932182.0,3932676.0,3924975.0,3926152.0,2.689699999999996
2023-03-24 02:47:00,3926152.0,3926152.0,3920258.0,3923975.0,1.0273206000000001
2023-03-24 02:48:00,3922498.0,3924107.0,3921175.0,3921673.0,0.48899999999999993
2023-03-24 02:49:00,3923133.0,3924107.0,3920618.0,3923512.0,0.7649999999999999
2023-03-24 02:50:00,3923512.0,3923974.0,3918458.0,3918458.0,0.7920000000000001
2023-03-24 02:51:00,3920938.0,3920938.0,3916113.0,3918150.0,0.644
2023-03-24 02:52:00,3918150.0,3919590.0,3916605.0,3918975.0,0.20400000000000007
2023-03-24 02:53:00,3921014.0,3921947.0,3918744.0,3920781.0,0.102
2023-03-24 02:54:00,3920401.0,3923037.0,3920401.0,3922212.0,0.141
2023-03-24 02:55:00,3921086.0,3921902.0,3918546.0,3920031.0,0.24000000000000002
2023-03-24 02:56:00,3918663.0,3923975.0,3918663.0,3923975.0,0.3670000000000001
2023-03-24 02:57:00,3924107.0,3926167.0,3924000.0,3924000.0,0.43200000000000005
2023-03-24 02:58:00,3924000.0,3929327.0,3920088.0,3927817.0,0.7062
2023-03-24 02:59:00,3927817.0,3927817.0,3921375.0,3922000.0,0.262
2023-03-24 03:00:00,3921249.0,3925566.0,3921249.0,3925566.0,0.8340000000000001
2023-03-24 03:01:00,3926595.0,3928182.0,3925925.0,3928182.0,0.21200000000000002
2023-03-24 03:02:00,3926139.0,3926941.0,3924134.0,3924966.0,0.4
2023-03-24 03:03:00,3925753.0,3925753.0,3920748.0,3920748.0,0.7919999999999999
2023-03-24 03:04:00,3920738.0,3920738.0,3916526.0,3916565.0,1.2540000000000002
2023-03-24 03:05:00,3916748.0,3919802.0,3916565.0,3918927.0,0.55
2023-03-24 03:06:00,3917797.0,3919949.0,3917797.0,3919949.0,0.11399999999999999
2023-03-24 03:07:00,3919145.0,3919145.0,3917489.0,3918260.0,0.6420000000000001
2023-03-24 03:08:00,3918882.0,3924435.0,3918260.0,3920473.0,2.0319999999999996
2023-03-24 03:09:00,3922511.0,3922968.0,3917516.0,3920680.0,1.1300000000000001
2023-03-24 03:10:00,3920681.0,3928458.0,3919832.0,3925445.0,0.9210000000000002
2023-03-24 03:11:00,3927020.0,3928510.0,3919847.0,3919847.0,1.0311000000000001
2023-03-24 03:12:00,3919847.0,3927693.0,3919847.0,3927232.0,1.08003095
2023-03-24 03:13:00,3927242.0,3936849.0,3927242.0,3933580.0,2.5275722600000003
2023-03-24 03:14:00,3933580.0,3933580.0,3930279.0,3930279.0,0.236
2023-03-24 03:15:00,3932140.0,3932395.0,3929924.0,3931786.0,0.6180000000000001
2023-03-24 03:16:00,3931776.0,3931776.0,3929991.0,3930938.0,0.16000000000000003
2023-03-24 03:17:00,3931417.0,3931417.0,3927489.0,3927489.0,0.462
2023-03-24 03:18:00,3926819.0,3927026.0,3924143.0,3926061.0,0.87
2023-03-24 03:19:00,3927232.0,3929838.0,3927232.0,3929243.0,0.3400000000000001
2023-03-24 03:20:00,3927201.0,3927201.0,3922489.0,3922489.0,0.43000000000000005
2023-03-24 03:21:00,3923152.0,3923825.0,3916695.0,3918545.0,1.4250000000000005
2023-03-24 03:22:00,3918445.0,3923148.0,3918445.0,3920499.0,0.9245000000000001
2023-03-24 03:23:00,3919899.0,3920498.0,3915905.0,3918204.0,0.30051392000000005
2023-03-24 03:24:00,3916167.0,3918204.0,3913203.0,3913411.0,0.97315284
2023-03-24 03:25:00,3911376.0,3912392.0,3900547.0,3900547.0,4.466754289999997
2023-03-24 03:26:00,3903335.0,3909870.0,3901150.0,3908089.0,2.3596600000000003
2023-03-24 03:27:00,3909205.0,3909500.0,3900608.0,3905649.0,2.0628273600000004
2023-03-24 03:28:00,3906113.0,3909346.0,3903555.0,3909066.0,1.344
2023-03-24 03:29:00,3909114.0,3920365.0,3908314.0,3915439.0,2.6748684899999993
2023-03-24 03:30:00,3913729.0,3913729.0,3907489.0,3907489.0,0.5740000000000001
2023-03-24 03:31:00,3907489.0,3908273.0,3903150.0,3907978.0,0.502
2023-03-24 03:32:00,3907286.0,3907286.0,3902720.0,3902720.0,0.14200000000000002
2023-03-24 03:33:00,3902489.0,3902720.0,3900000.0,3901262.0,2.1674542
2023-03-24 03:34:00,3901086.0,3901879.0,3900001.0,3900001.0,0.10999999999999997
2023-03-24 03:35:00,3901193.0,3905178.0,3900000.0,3905178.0,2.5416067899999994
2023-03-24 03:36:00,3905362.0,3908510.0,3905362.0,3906900.0,0.25800000000000006
2023-03-24 03:37:00,3904869.0,3905064.0,3903442.0,3905064.0,0.23
2023-03-24 03:38:00,3905178.0,3906963.0,3904931.0,3904931.0,0.04
2023-03-24 03:39:00,3904373.0,3904373.0,3904373.0,3904373.0,0.01
2023-03-24 03:40:00,3905980.0,3905980.0,3902489.0,3902489.0,0.11199999999999999
2023-03-24 03:41:00,3902489.0,3902489.0,3896217.0,3896217.0,0.8014422500000001
2023-03-24 03:42:00,3896205.0,3897600.0,3890793.0,3894135.0,2.03752238
2023-03-24 03:43:00,3895946.0,3896420.0,3887302.0,3887302.0,1.7820863800000004
2023-03-24 03:44:00,3888200.0,3894770.0,3888200.0,3890707.0,1.2635299200000003
2023-03-24 03:45:00,3891152.0,3900000.0,3891152.0,3898659.0,1.5568900000000003
2023-03-24 03:46:00,3898660.0,3900267.0,3898595.0,3899226.0,0.9140000000000001
2023-03-24 03:47:00,3898837.0,3898837.0,3886373.0,3887489.0,0.7280000000000003
2023-03-24 03:48:00,3887489.0,3888337.0,3860000,3878207.0,6.6279161099999895
2023-03-24 03:49:00,3879255.0,3879697.0,3871566.0,3878680.0,1.5302924700000005
2023-03-24 03:50:00,3875543.0,3878566.0,3874281.0,3875669.0,3.4489733999999994
2023-03-24 03:51:00,3875670.0,3880764.0,3875669.0,3880764.0,1.59146974
2023-03-24 03:52:00,3881107.0,3886100.0,3881107.0,3882274.0,6.5483641299999995
2023-03-24 03:53:00,3888225.0,3888225.0,3881364.0,3882395.0,0.19259925
2023-03-24 03:54:00,3881234.0,3881836.0,3878798.0,3878798.0,0.47968025000000003
2023-03-24 03:55:00,3878799.0,3878853.0,3867489.0,3867489.0,5.677481569999991
2023-03-24 03:56:00,3867489.0,3876000.0,3865000.0,3865000.0,1.6541784400000001
2023-03-24 03:57:00,3865000.0,3865011.0,3865000.0,3865011.0,2.8041923799999995
2023-03-24 03:58:00,3865001.0,3880644.0,3857974.0,3866021.0,8.920437179999999
2023-03-24 03:59:00,3880644.0,3880644.0,3867699.0,3869561.0,5.082999999999998
